-- phpMyAdmin SQL Dump
-- version 4.5.1
-- http://www.phpmyadmin.net
--
-- Servidor: 127.0.0.1
-- Tiempo de generación: 10-11-2016 a las 11:32:56
-- Versión del servidor: 10.1.16-MariaDB
-- Versión de PHP: 5.6.24

SET SQL_MODE = "NO_AUTO_VALUE_ON_ZERO";
SET time_zone = "+00:00";


/*!40101 SET @OLD_CHARACTER_SET_CLIENT=@@CHARACTER_SET_CLIENT */;
/*!40101 SET @OLD_CHARACTER_SET_RESULTS=@@CHARACTER_SET_RESULTS */;
/*!40101 SET @OLD_COLLATION_CONNECTION=@@COLLATION_CONNECTION */;
/*!40101 SET NAMES utf8mb4 */;

--
-- Base de datos: `vendimiadb`
--

DELIMITER $$
--
-- Procedimientos
--
CREATE DEFINER=`root`@`localhost` PROCEDURE `debug` (`msg` VARCHAR(255))  BEGIN
   SELECT CONCAT("*** ", msg) AS '*** DEBUG:'; 
END$$

CREATE DEFINER=`root`@`localhost` PROCEDURE `proc_cancelarventa` (IN `pIdVenta` BIGINT)  NO SQL
BEGIN

DELETE FROM ctl_detalleventas 
WHERE idu_venta= pIdVenta; 

DELETE FROM ctl_ventas WHERE idu_venta=pIdVenta; 

DELETE FROM tmp_abonosmensuales WHERE idu_venta=pIdVenta;     


END$$

--
-- Funciones
--

CREATE DEFINER=`root`@`localhost` FUNCTION `fun_calculoabonomensuales` (`pIdVenta` BIGINT, `pIdDetalleVenta` BIGINT, `pCantidad` INT) RETURNS TEXT CHARSET utf8 NO SQL
BEGIN


    DECLARE _preciocontado DECIMAL(18,3);

    DECLARE _plazomaximo INT;
     DECLARE _plazo INT;
    DECLARE _porcentajeenganche INT;
    DECLARE _existenciaarticuloactual INT;
    DECLARE _iduarticulo BIGINT;


    DECLARE _tasa DECIMAL(18,3);
    DECLARE _totaladeudo DECIMAL(18,3);

    DECLARE _totalapagar DECIMAL(18,3);
    DECLARE _importeabono DECIMAL(18,3);
    DECLARE _importeahorro DECIMAL(18,3);

    DECLARE _tasaxplazo DECIMAL(18,3);
    DECLARE _tasaxplazotresmeses DECIMAL(18,3);
    DECLARE _tasaxplazoseismeses DECIMAL(18,3);
    DECLARE _tasaxplazonuevemeses DECIMAL(18,3);
    DECLARE _tasaxplazodocemeses DECIMAL(18,3);
     DECLARE _plazotr INT;
    
    /* OBTENER DATOS CONFIGURACION */

    SET _tasa = (SELECT num_tasafinanciamiento FROM tbl_configuracion LIMIT 1 );
    SET _plazomaximo = (SELECT num_plazomaximo FROM tbl_configuracion LIMIT 1 );
    SET _porcentajeenganche = (SELECT num_porcentajeenganche FROM tbl_configuracion LIMIT 1 );


    SET _tasaxplazotresmeses = (_tasa * 3) / 100;
    SET _tasaxplazoseismeses = (_tasa * 6) / 100;
    SET _tasaxplazonuevemeses = (_tasa * 9) / 100;
    SET _tasaxplazodocemeses = (_tasa * 12) / 100;

    SET _totaladeudo = (SELECT num_total FROM ctl_ventas WHERE idu_venta = pIdVenta);
    

    SET _preciocontado = (_totaladeudo / ( 1 + _tasaxplazodocemeses));



    /* BORRAR LA TABLA TEMPORAL DE LA VENTA */

    DELETE FROM tmp_abonosmensuales where idu_venta = pIdVenta;

    /* Obtener el listado de los abonos */


         
          SET _plazotr = 3;

          WHILE _plazotr <= _plazomaximo DO
          
          
			     IF (_plazotr%3!=0) THEN
                 
                 	   SET _plazo = _plazotr;
                       
                 ELSE
                 
                 	   SET _plazo = _plazotr;
                     
                    SET _tasaxplazo = (_tasa * _plazo) / 100;
                    SET _totalapagar = (_preciocontado * ( 1 + _tasaxplazo));
                    SET _importeabono = _totalapagar / _plazo;
                    SET _importeahorro = _totaladeudo - _totalapagar;

                    INSERT INTO tmp_abonosmensuales (idu_venta, des_abono, num_plazo, num_importeabono, num_totalapagar,  num_seahorra)
                    VALUES (pIdVenta, CONCAT(_plazo, ' ABONOS DE $', _importeabono), _plazo, _importeabono, _totalapagar, _importeahorro);
                    
                 END IF;
                

                SET _plazotr=_plazotr+1;

           
          END WHILE;

   


RETURN "OK";


    END$$

CREATE DEFINER=`root`@`localhost` FUNCTION `fun_calculodeventa` (`pIdVenta` BIGINT, `pIdDetalleVenta` BIGINT, `pCantidad` INT) RETURNS TEXT CHARSET utf8 NO SQL
BEGIN

    DECLARE _precioarticulo DECIMAL(18,3);

    DECLARE _plazomaximo INT;
    DECLARE _porcentajeenganche INT;
    DECLARE _existenciaarticuloactual INT;
    DECLARE _iduarticulo BIGINT;


    DECLARE _tasa DECIMAL(18,3);
    DECLARE _tasaxplazo DECIMAL(18,3);
    DECLARE _preciocalculado DECIMAL(18,3);
    DECLARE _enganche DECIMAL(18,3);
    DECLARE _bonificacion DECIMAL(18,3);
    DECLARE _totaladeudo DECIMAL(18,3);
    DECLARE _importe DECIMAL(18,3);

       DECLARE  _importetotal DECIMAL(18,3);

  

/*SELECT @A:=SUM(salary) FROM table1 WHERE TYPE=1;*/


/*OBTENER DATOS DE CONFIGURACION*/

        SET _tasa = (SELECT num_tasafinanciamiento FROM tbl_configuracion LIMIT 1 );
        SET _plazomaximo = (SELECT num_plazomaximo FROM tbl_configuracion LIMIT 1 );
        SET _porcentajeenganche = (SELECT num_porcentajeenganche FROM tbl_configuracion LIMIT 1 );

        SET _tasaxplazo = (_tasa * _plazomaximo) / 100;

/*UPDATE table2 SET summary=@A WHERE TYPE=1;*/

   IF EXISTS(SELECT idu_detalle FROM ctl_detalleventas WHERE idu_venta = pIdVenta AND idu_detalle = pIdDetalleVenta) THEN

        SET _precioarticulo = (SELECT num_precio FROM ctl_ventas v INNER JOIN ctl_detalleventas dv on v.idu_venta = dv.idu_venta INNER JOIN tbl_articulos a ON a.idu_articulo = dv.idu_articulo
          WHERE v.idu_venta = pIdVenta AND dv.idu_detalle = pIdDetalleVenta);

        SET _iduarticulo = (SELECT a.idu_articulo FROM ctl_ventas v INNER JOIN ctl_detalleventas dv on v.idu_venta = dv.idu_venta INNER JOIN tbl_articulos a ON a.idu_articulo = dv.idu_articulo
          WHERE v.idu_venta = pIdVenta AND dv.idu_detalle = pIdDetalleVenta);
      

        SET _preciocalculado = (_precioarticulo * (1 + _tasaxplazo));

        SET _importe = _preciocalculado * pCantidad;

       
        /*ACTUALIZAR IMPORTE Y PRECIO EN LA TABLA DETALLE DE VENTAS*/

        UPDATE ctl_detalleventas
        SET num_preciocalculado = _preciocalculado, num_importe = _importe
        WHERE idu_venta = pIdVenta and idu_detalle = pIdDetalleVenta;

        
          /*VALIDAR EXISTENCIA*/

          SET _existenciaarticuloactual = ( SELECT num_existencia FROM tbl_articulos WHERE idu_articulo = _iduarticulo);


          IF (_existenciaarticuloactual - pCantidad) < 0  THEN
          
            UPDATE ctl_detalleventas
            SET opc_hayexistencia = false
            WHERE idu_venta = pIdVenta AND idu_detalle = pIdDetalleVenta;

          ELSE 

            UPDATE ctl_detalleventas
            SET opc_hayexistencia = true
            WHERE idu_venta = pIdVenta AND idu_detalle = pIdDetalleVenta;

          END IF;

    END IF;


    /*CALULAR ENGANCHE, BONIFICACION, TOTALADEUDO*/

    SET _importetotal = (SELECT SUM(num_importe) FROM ctl_detalleventas WHERE idu_venta = pIdVenta);


    SET _enganche = (_porcentajeenganche / 100) * _importetotal;

    SET _bonificacion = _enganche * _tasaxplazo;

    SET _totaladeudo = _importetotal - _enganche - _bonificacion;


    /*ACTUALIZAR EN LA TABLA VENTAS calculos de enganche*/


    UPDATE ctl_ventas
    SET num_enganche = _enganche, num_bonificacionenganche = _bonificacion, num_total = _totaladeudo
    WHERE idu_venta = pIdVenta;


    

    RETURN "OK";
END$$

CREATE DEFINER=`root`@`localhost` FUNCTION `fun_generafolioventa` (`pIdCliente` BIGINT) RETURNS TEXT CHARSET utf8 NO SQL
BEGIN
  DECLARE _start BIGINT DEFAULT 0;

  INSERT INTO ctl_ventas(idu_cliente)
  VALUES (pIdCliente);
  
  SET _start = (SELECT @@identity AS id);
  
  RETURN CONCAT(_start);
END$$

CREATE DEFINER=`root`@`localhost` FUNCTION `fun_guardararticulo` (`vDescripcion` VARCHAR(45), `vModelo` VARCHAR(45), `dPrecio` DECIMAL, `iExistencia` BIGINT) RETURNS TEXT CHARSET ascii NO SQL
BEGIN
  DECLARE _start BIGINT DEFAULT 0;

  INSERT INTO tbl_articulos(des_articulo, des_modelo, num_precio, num_existencia)
VALUES (vDescripcion, vModelo, dPrecio, iExistencia);
  
  SET _start = (SELECT @@identity AS id);
  
  RETURN LPAD(_start,5,'0');
END$$

CREATE DEFINER=`root`@`localhost` FUNCTION `fun_guardardetalleventa` (`pIdVenta` BIGINT, `pIdCliente` BIGINT, `pIdArticulo` BIGINT, `pCantidad` INT) RETURNS TEXT CHARSET utf8 NO SQL
BEGIN

DECLARE _respuesta INT;
DECLARE _existencia INT;
DECLARE _idudetalleventa BIGINT;
DECLARE _rescalculoventa VARCHAR(10);

SET _respuesta = 0;
/* Respuesta = 1 -- >  EL ARTICULO YA EXISTE EN LA TABLA DETALLE DE ARTICULOS DE LA VENTA*/

/* Respuesta = 2 -- >  NO HAY EXISTENCIA DEL ARTICULO */

/* VALIDA QUE EL CLIENTE SEA EL DE LA VENTA */

/* VALIDA SI HAY EXISTENCIA DEL ARTICULO */

SET _existencia = (SELECT num_existencia FROM tbl_articulos WHERE idu_articulo = pIdArticulo LIMIT 1);

IF (_existencia - pCantidad) < 0 THEN
    SET _respuesta = 2;

    RETURN _respuesta;

END IF;


/* BUSCAR SI EL ARTICULO EXITE DENTRO DEL DETALLE DE LA VENTA */

IF exists(SELECT a.idu_articulo FROM tbl_articulos a INNER JOIN ctl_detalleventas dv ON dv.idu_articulo = a.idu_articulo
 WHERE dv.idu_articulo = pIdArticulo AND dv.idu_venta = pIdVenta) THEN

  SET _respuesta = 1;
  UPDATE ctl_detalleventas
  SET num_cantidad = pCantidad
  WHERE idu_venta = pIdVenta AND idu_articulo = pIdArticulo;



ELSE

  /* ASIGNAR CLIENTE AL FOLIO DE LA VENTA */
  UPDATE ctl_ventas 
  SET idu_cliente = pIdCliente
  WHERE idu_venta = pIdVenta; 

  /*INSERTA ARTICULO AL DETALLE DE LA VENTA */

  INSERT INTO ctl_detalleventas(idu_venta, idu_articulo, num_cantidad) values (pIdVenta, pIdArticulo, 1);

END IF;


/* CALULOS DE IMPORTES, ENGANCHES, BONIFICACIONES, ETC */

 SET _idudetalleventa = (SELECT idu_detalle FROM ctl_detalleventas WHERE idu_venta = pIdVenta AND idu_articulo = pIdArticulo);



 SET _rescalculoventa = (SELECT fun_calculodeventa(pIdVenta, _idudetalleventa, pCantidad));


/* */

/* */
/* */
/* */
/* */
/* */

 RETURN _respuesta;


END$$

CREATE DEFINER=`root`@`localhost` FUNCTION `fun_guardarventafinal` (`pIdVenta` BIGINT, `pNumPlazo` INT) RETURNS TEXT CHARSET utf8 NO SQL
BEGIN
 	 DECLARE _plazomaximo INT;
     DECLARE _plazo INT;
      DECLARE l_last_row INT ;
       DECLARE cTeleMail VARCHAR(90) DEFAULT '';
     DECLARE ResultVar VARCHAR(100) DEFAULT '';
    
    DECLARE _iduarticulo BIGINT;
    DECLARE _inum_cantidad INT;

  /* Declaración del cursor de nombre ´cursor1´ */ 
     DECLARE cursor1 CURSOR FOR SELECT dv.idu_articulo, dv.num_cantidad FROM ctl_ventas v INNER JOIN  ctl_detalleventas dv on dv.idu_venta = v.idu_venta WHERE v.idu_venta = pIdVenta;
   
    
     /* Flag que permitirá saber si existen más registros por recorrer */
    DECLARE CONTINUE HANDLER FOR NOT FOUND SET l_last_row=1;  
     UPDATE ctl_ventas 
     SET opc_estatus = 2
     WHERE idu_venta = pIdVenta;
     
      UPDATE tmp_abonosmensuales
     set opc_estatus = true
     WHERE idu_venta = pIdVenta AND num_plazo = pNumPlazo;


     /* Restar existencia del articulo */
       /* Declaración de variables */
     
     /* Abrimos el cursor para empezar a recorrerlo */
     OPEN cursor1;
     c1_loop: LOOP    
        
         /* Cada registro se le otorga a la variable ‘cTeleMail’ */
        FETCH cursor1 INTO _iduarticulo, _inum_cantidad ;        
         IF (l_last_row=1) THEN           
             LEAVE c1_loop;        
         END IF;
        
         /* Lógica propia de la función que se está creando */

          UPDATE tbl_articulos
          SET num_existencia = num_existencia - _inum_cantidad
          WHERE idu_articulo = _iduarticulo;

        /*IF ResultVar ='' THEN
             SET ResultVar = TRIM(cTeleMail);
         ELSE
             SET ResultVar = CONCAT(ResultVar , ‘ ; ‘ , TRIM(cTeleMail));
        END IF;*/
        
     END LOOP c1_loop;
    
     /* cerramos el cursor y retornamos el dato que nos interesa en este caso la variable ‘ResultVar’ */
    
     CLOSE cursor1;
     RETURN ResultVar;   
     
     RETURN "OK";
 END$$

DELIMITER ;

-- --------------------------------------------------------

--
-- Estructura de tabla para la tabla `ctl_detalleventas`
--

CREATE TABLE `ctl_detalleventas` (
  `idu_detalle` bigint(20) NOT NULL,
  `idu_venta` bigint(20) NOT NULL DEFAULT '0',
  `idu_articulo` bigint(20) NOT NULL DEFAULT '0',
  `num_cantidad` int(11) NOT NULL DEFAULT '0',
  `num_preciocalculado` decimal(18,2) NOT NULL DEFAULT '0.00',
  `num_importe` decimal(18,2) NOT NULL DEFAULT '0.00',
  `opc_estatus` tinyint(1) NOT NULL DEFAULT '1',
  `opc_hayexistencia` tinyint(1) NOT NULL DEFAULT '1'
) ENGINE=InnoDB DEFAULT CHARSET=utf8;

--
-- Volcado de datos para la tabla `ctl_detalleventas`
--

INSERT INTO `ctl_detalleventas` (`idu_detalle`, `idu_venta`, `idu_articulo`, `num_cantidad`, `num_preciocalculado`, `num_importe`, `opc_estatus`, `opc_hayexistencia`) VALUES
(9, 4, 1, 1, '5678.00', '5678.00', 1, 1),
(10, 4, 2, 1, '13.36', '26.72', 1, 1),
(11, 10, 2, 1, '13.36', '13.36', 1, 1),
(12, 11, 2, 1, '13.36', '13.36', 1, 1),
(13, 13, 2, 1, '13.36', '13.36', 1, 1),
(14, 14, 2, 1, '13.36', '13.36', 1, 1),
(15, 15, 3, 1, '13.36', '13.36', 1, 1),
(16, 16, 31, 1, '1336.00', '1336.00', 1, 1),
(17, 17, 1, 1, '5678.00', '5678.00', 1, 1),
(18, 18, 31, 1, '1336.00', '1336.00', 1, 1),
(19, 20, 2, 1, '13.36', '13.36', 1, 1),
(20, 21, 3, 1, '13.36', '13.36', 1, 1),
(21, 22, 3, 1, '13.36', '13.36', 1, 1),
(22, 23, 1, 1, '5678.00', '5678.00', 1, 1),
(23, 24, 1, 1, '5678.00', '5678.00', 1, 1),
(24, 26, 31, 1, '1336.00', '1336.00', 1, 1),
(25, 27, 1, 1, '5678.00', '5678.00', 1, 1),
(27, 29, 2, 1, '13.36', '13.36', 1, 1),
(28, 30, 2, 1, '13.36', '13.36', 1, 1),
(29, 31, 2, 1, '13.36', '13.36', 1, 1),
(30, 32, 2, 1, '13.36', '13.36', 1, 1),
(31, 33, 1, 1, '5678.00', '5678.00', 1, 1),
(32, 34, 1, 1, '5678.00', '5678.00', 1, 1),
(33, 35, 2, 1, '13.36', '13.36', 1, 1),
(34, 36, 1, 1, '5678.00', '5678.00', 1, 1),
(35, 37, 2, 1, '13.36', '13.36', 1, 1),
(36, 38, 1, 1, '5678.00', '5678.00', 1, 1),
(37, 39, 1, 1, '5678.00', '5678.00', 1, 1),
(38, 40, 1, 2, '5678.00', '11356.00', 1, 1),
(39, 41, 1, 2, '5678.00', '11356.00', 1, 1),
(40, 42, 1, 2, '5678.00', '11356.00', 1, 1),
(41, 42, 2, 2, '13.36', '26.72', 1, 1),
(42, 42, 4, 1, '14.70', '14.70', 1, 1),
(43, 43, 31, 1, '1336.00', '1336.00', 1, 1),
(44, 44, 31, 1, '1336.00', '1336.00', 1, 1),
(45, 45, 31, 1, '1336.00', '1336.00', 1, 1),
(46, 45, 2, 1, '13.36', '13.36', 1, 1),
(47, 45, 4, 1, '14.70', '14.70', 1, 1),
(48, 45, 1, 1, '5678.00', '5678.00', 1, 1),
(49, 46, 2, 1, '13.36', '13.36', 1, 1),
(50, 47, 31, 1, '1336.00', '1336.00', 1, 1),
(51, 48, 31, 1, '1336.00', '1336.00', 1, 1),
(52, 49, 1, 12, '5678.00', '68136.00', 1, 1),
(53, 51, 31, 1, '1336.00', '1336.00', 1, 1),
(54, 51, 2, 1, '13.36', '13.36', 1, 1),
(55, 52, 31, 1, '1336.00', '1336.00', 1, 1),
(56, 52, 2, 1, '13.36', '13.36', 1, 1),
(57, 53, 31, 6, '1336.00', '8016.00', 1, 1),
(58, 53, 1, 4, '5678.00', '22712.00', 1, 1),
(59, 54, 31, 1, '1336.00', '1336.00', 1, 1),
(60, 54, 2, 1, '13.36', '13.36', 1, 1),
(61, 55, 2, 4, '13.36', '53.44', 1, 1),
(62, 55, 4, 2, '14.70', '29.39', 1, 1),
(63, 57, 31, 1, '1336.00', '1336.00', 1, 1),
(64, 59, 31, 1, '1336.00', '1336.00', 1, 1),
(65, 60, 2, 1, '13.36', '13.36', 1, 1),
(66, 61, 2, 1, '13.36', '13.36', 1, 1),
(67, 62, 2, 1, '13.36', '13.36', 1, 1),
(68, 63, 31, 1, '1336.00', '1336.00', 1, 1),
(69, 64, 31, 1, '1336.00', '1336.00', 1, 1),
(70, 65, 31, 1, '1336.00', '1336.00', 1, 1),
(71, 66, 31, 1, '1336.00', '1336.00', 1, 1),
(72, 67, 31, 1, '1336.00', '1336.00', 1, 1),
(73, 69, 31, 1, '1336.00', '1336.00', 1, 1),
(74, 70, 31, 1, '1336.00', '1336.00', 1, 1),
(75, 71, 1, 1, '5678.00', '5678.00', 1, 1),
(76, 72, 4, 1, '14.70', '14.70', 1, 1),
(77, 73, 1, 1, '5678.00', '5678.00', 1, 1),
(78, 74, 31, 1, '1336.00', '1336.00', 1, 1),
(79, 75, 2, 1, '13.36', '13.36', 1, 1),
(80, 76, 1, 1, '5678.00', '5678.00', 1, 1),
(81, 77, 2, 3, '13.36', '40.08', 1, 1),
(82, 77, 1, 1, '5678.00', '5678.00', 1, 1),
(83, 78, 31, 1, '1336.00', '1336.00', 1, 1),
(84, 79, 31, 1, '1336.00', '1336.00', 1, 1),
(85, 80, 31, 1, '1336.00', '1336.00', 1, 1),
(86, 81, 31, 1, '1336.00', '1336.00', 1, 1),
(87, 83, 31, 1, '1336.00', '1336.00', 1, 1),
(88, 84, 31, 1, '1336.00', '1336.00', 1, 1),
(89, 85, 31, 1, '1336.00', '1336.00', 1, 1),
(90, 86, 31, 1, '1336.00', '1336.00', 1, 1),
(91, 87, 31, 1, '1336.00', '1336.00', 1, 1),
(92, 89, 31, 1, '1336.00', '1336.00', 1, 1),
(93, 94, 31, 1, '1336.00', '1336.00', 1, 1),
(94, 96, 31, 1, '1336.00', '1336.00', 1, 1),
(95, 101, 31, 1, '1336.00', '1336.00', 1, 1),
(96, 103, 31, 3, '1336.00', '4008.00', 1, 1),
(97, 103, 1, 1, '5678.00', '5678.00', 1, 1),
(98, 107, 31, 1, '1336.00', '1336.00', 1, 1),
(99, 109, 31, 1, '1336.00', '1336.00', 1, 1),
(100, 110, 31, 1, '1336.00', '1336.00', 1, 1),
(101, 111, 2, 1, '13.36', '13.36', 1, 1),
(102, 112, 31, 1, '1336.00', '1336.00', 1, 1),
(103, 113, 31, 1, '1336.00', '1336.00', 1, 1),
(104, 114, 31, 1, '1336.00', '1336.00', 1, 1),
(105, 115, 31, 1, '1336.00', '1336.00', 1, 1),
(106, 117, 31, 1, '1336.00', '1336.00', 1, 1),
(107, 118, 31, 1, '1336.00', '1336.00', 1, 1),
(108, 119, 31, 1, '1336.00', '1336.00', 1, 1),
(109, 120, 31, 1, '1336.00', '1336.00', 1, 1),
(110, 121, 31, 1, '1336.00', '1336.00', 1, 1),
(111, 122, 31, 1, '1336.00', '1336.00', 1, 1),
(112, 123, 31, 1, '1336.00', '1336.00', 1, 1),
(113, 124, 31, 1, '1336.00', '1336.00', 1, 1),
(114, 125, 31, 1, '1336.00', '1336.00', 1, 1),
(115, 127, 31, 1, '1336.00', '1336.00', 1, 1),
(116, 128, 31, 1, '1336.00', '1336.00', 1, 1),
(117, 129, 31, 1, '1336.00', '1336.00', 1, 1),
(118, 130, 31, 1, '1336.00', '1336.00', 1, 1),
(119, 134, 31, 1, '1336.00', '1336.00', 1, 1),
(120, 135, 31, 1, '1336.00', '1336.00', 1, 1),
(121, 138, 31, 1, '1336.00', '1336.00', 1, 1),
(122, 139, 31, 1, '1336.00', '1336.00', 1, 1),
(123, 145, 31, 1, '1336.00', '1336.00', 1, 1),
(124, 146, 31, 1, '1336.00', '1336.00', 1, 1),
(125, 147, 31, 1, '1336.00', '1336.00', 1, 1),
(126, 149, 31, 1, '1336.00', '1336.00', 1, 1),
(127, 151, 147, 1, '16.38', '16.38', 1, 1),
(128, 154, 2, 1, '13.36', '13.36', 1, 1),
(129, 157, 31, 1, '1336.00', '1336.00', 1, 1),
(130, 158, 31, -1, '1336.00', '-1336.00', 1, 1),
(131, 158, 187, 2, '430.19', '860.38', 1, 1),
(132, 158, 147, 3, '16.38', '49.14', 1, 1),
(133, 159, 31, 4, '1336.00', '5344.00', 1, 1),
(134, 161, 31, 1, '1336.00', '1336.00', 1, 1),
(135, 164, 4, 1, '14.70', '14.70', 1, 1),
(136, 165, 187, 22, '430.19', '9464.22', 1, 1),
(137, 166, 31, 2, '1336.00', '2672.00', 1, 1),
(138, 166, 147, 1, '16.38', '16.38', 1, 1),
(139, 167, 187, 1, '430.19', '430.19', 1, 1),
(140, 168, 187, 1, '430.19', '430.19', 1, 1),
(141, 168, 2, 1, '13.36', '13.36', 1, 1),
(142, 171, 187, 1, '430.19', '430.19', 1, 1),
(143, 173, 31, 1, '1336.00', '1336.00', 1, 1),
(144, 175, 31, 3, '1336.00', '4008.00', 1, 1),
(145, 176, 187, 1, '430.19', '430.19', 1, 1),
(146, 180, 147, 2, '16.38', '32.76', 1, 1),
(147, 191, 147, 1, '16.38', '16.38', 1, 1),
(148, 207, 187, 1, '430.19', '430.19', 1, 1),
(149, 208, 147, 1, '16.38', '16.38', 1, 1),
(150, 216, 147, 1, '16.38', '16.38', 1, 1),
(151, 233, 147, 1, '16.38', '16.38', 1, 1),
(152, 233, 187, 1, '430.19', '430.19', 1, 1),
(153, 237, 147, 1, '16.38', '16.38', 1, 1),
(154, 237, 187, 1, '430.19', '430.19', 1, 1),
(155, 243, 147, 1, '16.38', '16.38', 1, 1),
(156, 246, 147, 1, '16.38', '16.38', 1, 1),
(157, 247, 147, 1, '16.38', '16.38', 1, 1),
(158, 248, 147, 2, '16.38', '32.76', 1, 1),
(159, 249, 147, 1, '16.38', '16.38', 1, 1),
(160, 250, 147, 1, '16.38', '16.38', 1, 1),
(161, 251, 147, 1, '16.38', '16.38', 1, 1),
(162, 252, 147, 1, '16.38', '16.38', 1, 1),
(163, 253, 147, 1, '16.38', '16.38', 1, 1),
(164, 255, 147, 1, '16.38', '16.38', 1, 1),
(165, 257, 147, 1, '16.38', '16.38', 1, 1),
(166, 259, 147, 1, '16.38', '16.38', 1, 1),
(167, 259, 187, 1, '430.19', '430.19', 1, 1),
(168, 260, 147, 1, '16.38', '16.38', 1, 1),
(169, 260, 187, 1, '430.19', '430.19', 1, 1),
(170, 261, 147, 1, '16.38', '16.38', 1, 1),
(171, 261, 187, 1, '430.19', '430.19', 1, 1),
(172, 262, 190, 1, '5678.00', '5678.00', 1, 1),
(173, 263, 147, 1, '16.38', '16.38', 1, 1),
(174, 263, 187, 1, '430.19', '430.19', 1, 1),
(177, 267, 194, 1, '5678.00', '5678.00', 1, 1),
(178, 268, 194, 1, '5678.00', '5678.00', 1, 1),
(179, 280, 194, 2, '5678.00', '11356.00', 1, 1),
(180, 282, 194, 2, '5678.00', '11356.00', 1, 1),
(181, 283, 196, 2, '6680.00', '13360.00', 1, 1),
(182, 283, 147, 1, '16.38', '16.38', 1, 1),
(183, 284, 199, 10, '16032.00', '100000.00', 1, 1),
(184, 285, 147, 1, '16.38', '16.38', 1, 1),
(185, 285, 199, 20, '16032.00', '100000.00', 1, 1),
(186, 285, 190, 1, '5678.00', '5678.00', 1, 1),
(187, 287, 199, 2, '16032.00', '32064.00', 1, 1),
(188, 288, 199, 1, '16032.00', '16032.00', 1, 1),
(189, 289, 199, 1, '16032.00', '16032.00', 1, 1),
(190, 290, 199, 98, '16032.00', '100000.00', 1, 1),
(191, 293, 199, 1, '16032.00', '16032.00', 1, 1),
(192, 294, 199, 1, '16032.00', '16032.00', 1, 1),
(193, 295, 199, 1, '16032.00', '16032.00', 1, 1),
(194, 295, 147, 2, '16.38', '32.76', 1, 1),
(195, 297, 196, 1, '6680.00', '6680.00', 1, 1),
(196, 298, 199, 1, '16032.00', '16032.00', 1, 1),
(197, 299, 199, 1, '16032.00', '16032.00', 1, 1),
(198, 301, 199, 1, '16032.00', '16032.00', 1, 1),
(199, 301, 147, 1, '16.38', '16.38', 1, 1),
(200, 302, 199, 1, '16032.00', '16032.00', 1, 1),
(201, 302, 147, 1, '16.38', '16.38', 1, 1),
(202, 302, 190, 10, '5678.00', '56780.00', 1, 1),
(203, 302, 196, 1, '6680.00', '6680.00', 1, 1),
(204, 308, 197, 4, '86866.72', '100000.00', 1, 1),
(205, 308, 147, 6, '16.38', '98.27', 1, 1),
(206, 310, 196, 20, '6680.00', '100000.00', 1, 1),
(207, 310, 190, 1, '5678.00', '5678.00', 1, 1),
(208, 310, 147, 1, '16.38', '16.38', 1, 1);

-- --------------------------------------------------------

--
-- Estructura de tabla para la tabla `ctl_ventas`
--

CREATE TABLE `ctl_ventas` (
  `idu_venta` bigint(20) NOT NULL,
  `fec_registro` datetime DEFAULT CURRENT_TIMESTAMP,
  `idu_cliente` bigint(20) NOT NULL,
  `opc_estatus` int(11) NOT NULL DEFAULT '1',
  `num_enganche` decimal(18,2) NOT NULL DEFAULT '0.00',
  `num_bonificacionenganche` decimal(18,2) NOT NULL DEFAULT '0.00',
  `num_total` decimal(18,2) NOT NULL DEFAULT '0.00',
  `num_plazo` int(11) NOT NULL DEFAULT '0',
  `num_totalapagar` decimal(18,2) NOT NULL DEFAULT '0.00',
  `num_seahorra` decimal(18,2) NOT NULL DEFAULT '0.00'
) ENGINE=InnoDB DEFAULT CHARSET=utf8;

--
-- Volcado de datos para la tabla `ctl_ventas`
--

INSERT INTO `ctl_ventas` (`idu_venta`, `fec_registro`, `idu_cliente`, `opc_estatus`, `num_enganche`, `num_bonificacionenganche`, `num_total`, `num_plazo`, `num_totalapagar`, `num_seahorra`) VALUES
(4, '2016-11-09 20:01:50', 1, 1, '5.34', '1.80', '19.58', 0, '0.00', '0.00'),
(5, '2016-11-10 11:46:52', 1, 1, '0.00', '0.00', '0.00', 0, '0.00', '0.00'),
(6, '2016-11-10 11:48:36', 1, 1, '0.00', '0.00', '0.00', 0, '0.00', '0.00'),
(7, '2016-11-10 12:04:31', 1, 1, '0.00', '0.00', '0.00', 0, '0.00', '0.00'),
(8, '2016-11-10 12:09:03', 1, 1, '0.00', '0.00', '0.00', 0, '0.00', '0.00'),
(9, '2016-11-10 12:11:40', 1, 1, '0.00', '0.00', '0.00', 0, '0.00', '0.00'),
(10, '2016-11-10 12:12:41', 1, 1, '2.67', '0.90', '9.79', 0, '0.00', '0.00'),
(11, '2016-11-10 12:18:09', 1, 1, '2.67', '0.90', '9.79', 0, '0.00', '0.00'),
(12, '2016-11-10 12:24:55', 1, 1, '0.00', '0.00', '0.00', 0, '0.00', '0.00'),
(13, '2016-11-10 12:30:50', 1, 1, '2.67', '0.90', '9.79', 0, '0.00', '0.00'),
(14, '2016-11-10 12:58:22', 1, 1, '2.67', '0.90', '9.79', 0, '0.00', '0.00'),
(15, '2016-11-10 12:59:56', 1, 1, '2.67', '0.90', '9.79', 0, '0.00', '0.00'),
(16, '2016-11-10 13:01:27', 1, 1, '267.20', '89.78', '979.02', 0, '0.00', '0.00'),
(17, '2016-11-10 13:03:40', 1, 1, '1135.60', '381.56', '4160.84', 0, '0.00', '0.00'),
(18, '2016-11-10 13:07:09', 1, 1, '267.20', '89.78', '979.02', 0, '0.00', '0.00'),
(19, '2016-11-10 13:13:20', 1, 1, '0.00', '0.00', '0.00', 0, '0.00', '0.00'),
(20, '2016-11-10 13:33:08', 1, 1, '2.67', '0.90', '9.79', 0, '0.00', '0.00'),
(21, '2016-11-10 13:34:57', 1, 1, '2.67', '0.90', '9.79', 0, '0.00', '0.00'),
(22, '2016-11-10 13:38:39', 1, 1, '2.67', '0.90', '9.79', 0, '0.00', '0.00'),
(23, '2016-11-10 13:39:44', 1, 1, '1135.60', '381.56', '4160.84', 0, '0.00', '0.00'),
(24, '2016-11-10 13:42:11', 1, 1, '1135.60', '381.56', '4160.84', 0, '0.00', '0.00'),
(25, '2016-11-10 13:46:21', 1, 1, '0.00', '0.00', '0.00', 0, '0.00', '0.00'),
(26, '2016-11-10 13:49:23', 1, 1, '267.20', '89.78', '979.02', 0, '0.00', '0.00'),
(27, '2016-11-10 15:23:57', 1, 1, '1135.60', '381.56', '4160.84', 0, '0.00', '0.00'),
(29, '2016-11-10 15:27:10', 1, 1, '2.67', '0.90', '9.79', 0, '0.00', '0.00'),
(30, '2016-11-10 15:58:20', 1, 1, '2.67', '0.90', '9.79', 0, '0.00', '0.00'),
(31, '2016-11-10 15:59:42', 1, 1, '2.67', '0.90', '9.79', 0, '0.00', '0.00'),
(32, '2016-11-10 16:09:15', 1, 1, '2.67', '0.90', '9.79', 0, '0.00', '0.00'),
(33, '2016-11-10 16:15:50', 1, 1, '1135.60', '381.56', '4160.84', 0, '0.00', '0.00'),
(34, '2016-11-10 16:23:17', 1, 1, '1135.60', '381.56', '4160.84', 0, '0.00', '0.00'),
(35, '2016-11-10 16:24:40', 1, 1, '2.67', '0.90', '9.79', 0, '0.00', '0.00'),
(36, '2016-11-10 16:26:00', 1, 1, '1135.60', '381.56', '4160.84', 0, '0.00', '0.00'),
(37, '2016-11-10 16:28:28', 1, 1, '2.67', '0.90', '9.79', 0, '0.00', '0.00'),
(38, '2016-11-10 16:29:44', 1, 1, '1135.60', '381.56', '4160.84', 0, '0.00', '0.00'),
(39, '2016-11-10 16:34:31', 1, 1, '1135.60', '381.56', '4160.84', 0, '0.00', '0.00'),
(40, '2016-11-10 16:35:59', 1, 1, '2271.20', '763.12', '8321.68', 0, '0.00', '0.00'),
(41, '2016-11-10 16:39:26', 1, 1, '2271.20', '763.12', '8321.68', 0, '0.00', '0.00'),
(42, '2016-11-10 16:41:49', 1, 1, '2279.48', '765.91', '8352.03', 0, '0.00', '0.00'),
(43, '2016-11-10 16:48:32', 1, 1, '267.20', '89.78', '979.02', 0, '0.00', '0.00'),
(44, '2016-11-10 16:50:33', 1, 1, '267.20', '89.78', '979.02', 0, '0.00', '0.00'),
(45, '2016-11-10 16:54:33', 1, 1, '1408.41', '473.23', '5160.42', 0, '0.00', '0.00'),
(46, '2016-11-10 16:58:34', 1, 1, '2.67', '0.90', '9.79', 0, '0.00', '0.00'),
(47, '2016-11-10 17:02:13', 1, 1, '267.20', '89.78', '979.02', 0, '0.00', '0.00'),
(48, '2016-11-10 17:02:47', 1, 1, '267.20', '89.78', '979.02', 0, '0.00', '0.00'),
(49, '2016-11-10 17:04:56', 1, 1, '13627.20', '4578.74', '49930.06', 0, '0.00', '0.00'),
(50, '2016-11-10 17:16:09', 1, 1, '0.00', '0.00', '0.00', 0, '0.00', '0.00'),
(51, '2016-11-10 17:16:40', 1, 1, '269.87', '90.68', '988.81', 0, '0.00', '0.00'),
(52, '2016-11-10 17:18:11', 1, 1, '269.87', '90.68', '988.81', 0, '0.00', '0.00'),
(53, '2016-11-10 17:20:20', 1, 1, '6145.60', '2064.92', '22517.48', 0, '0.00', '0.00'),
(54, '2016-11-10 17:31:25', 1, 1, '269.87', '90.68', '988.81', 0, '0.00', '0.00'),
(55, '2016-11-10 17:59:34', 1, 1, '16.57', '5.57', '60.70', 0, '0.00', '0.00'),
(56, '2016-11-10 18:01:07', 1, 1, '0.00', '0.00', '0.00', 0, '0.00', '0.00'),
(57, '2016-11-10 18:28:32', 1, 1, '267.20', '89.78', '979.02', 0, '0.00', '0.00'),
(58, '2016-11-10 18:31:25', 1, 1, '0.00', '0.00', '0.00', 0, '0.00', '0.00'),
(59, '2016-11-10 18:33:21', 1, 1, '267.20', '89.78', '979.02', 0, '0.00', '0.00'),
(60, '2016-11-10 18:35:51', 1, 1, '2.67', '0.90', '9.79', 0, '0.00', '0.00'),
(61, '2016-11-10 18:46:37', 1, 1, '2.67', '0.90', '9.79', 0, '0.00', '0.00'),
(62, '2016-11-10 18:52:22', 1, 1, '2.67', '0.90', '9.79', 0, '0.00', '0.00'),
(63, '2016-11-10 18:54:44', 1, 1, '267.20', '89.78', '979.02', 0, '0.00', '0.00'),
(64, '2016-11-10 18:59:47', 1, 1, '267.20', '89.78', '979.02', 0, '0.00', '0.00'),
(65, '2016-11-10 19:01:41', 1, 1, '267.20', '89.78', '979.02', 0, '0.00', '0.00'),
(66, '2016-11-10 19:02:35', 1, 1, '267.20', '89.78', '979.02', 0, '0.00', '0.00'),
(67, '2016-11-10 19:16:01', 1, 1, '267.20', '89.78', '979.02', 0, '0.00', '0.00'),
(68, '2016-11-10 19:17:24', 1, 1, '0.00', '0.00', '0.00', 0, '0.00', '0.00'),
(69, '2016-11-10 19:27:27', 1, 1, '267.20', '89.78', '979.02', 0, '0.00', '0.00'),
(70, '2016-11-10 19:29:43', 1, 1, '267.20', '89.78', '979.02', 0, '0.00', '0.00'),
(71, '2016-11-10 19:32:43', 1, 1, '1135.60', '381.56', '4160.84', 0, '0.00', '0.00'),
(72, '2016-11-10 19:33:39', 1, 1, '2.94', '0.99', '10.77', 0, '0.00', '0.00'),
(73, '2016-11-10 19:36:40', 1, 1, '1135.60', '381.56', '4160.84', 0, '0.00', '0.00'),
(74, '2016-11-10 19:41:22', 1, 1, '267.20', '89.78', '979.02', 0, '0.00', '0.00'),
(75, '2016-11-10 19:43:37', 1, 1, '2.67', '0.90', '9.79', 0, '0.00', '0.00'),
(76, '2016-11-10 19:45:36', 1, 1, '1135.60', '381.56', '4160.84', 0, '0.00', '0.00'),
(77, '2016-11-10 20:32:17', 1, 1, '1143.62', '384.26', '4190.21', 0, '0.00', '0.00'),
(78, '2016-11-10 20:37:48', 1, 1, '267.20', '89.78', '979.02', 0, '0.00', '0.00'),
(79, '2016-11-10 20:38:58', 1, 1, '267.20', '89.78', '979.02', 0, '0.00', '0.00'),
(80, '2016-11-10 20:47:09', 1, 1, '267.20', '89.78', '979.02', 0, '0.00', '0.00'),
(81, '2016-11-10 20:54:59', 1, 1, '267.20', '89.78', '979.02', 0, '0.00', '0.00'),
(82, '2016-11-10 21:06:56', 1, 1, '0.00', '0.00', '0.00', 0, '0.00', '0.00'),
(83, '2016-11-10 21:11:21', 1, 1, '267.20', '89.78', '979.02', 0, '0.00', '0.00'),
(84, '2016-11-10 21:18:53', 1, 1, '267.20', '89.78', '979.02', 0, '0.00', '0.00'),
(85, '2016-11-10 21:28:25', 1, 1, '267.20', '89.78', '979.02', 0, '0.00', '0.00'),
(86, '2016-11-10 21:29:53', 1, 1, '267.20', '89.78', '979.02', 0, '0.00', '0.00'),
(87, '2016-11-10 21:38:29', 1, 1, '267.20', '89.78', '979.02', 0, '0.00', '0.00'),
(88, '2016-11-11 00:47:36', 1, 1, '0.00', '0.00', '0.00', 0, '0.00', '0.00'),
(89, '2016-11-11 00:49:53', 1, 1, '267.20', '89.78', '979.02', 0, '0.00', '0.00'),
(90, '2016-11-11 00:50:19', 1, 1, '0.00', '0.00', '0.00', 0, '0.00', '0.00'),
(91, '2016-11-11 02:20:22', 1, 1, '0.00', '0.00', '0.00', 0, '0.00', '0.00'),
(92, '2016-11-11 02:23:22', 1, 1, '0.00', '0.00', '0.00', 0, '0.00', '0.00'),
(93, '2016-11-11 02:26:13', 1, 1, '0.00', '0.00', '0.00', 0, '0.00', '0.00'),
(94, '2016-11-11 02:27:55', 1, 1, '267.20', '89.78', '979.02', 0, '0.00', '0.00'),
(95, '2016-11-11 02:30:26', 1, 1, '0.00', '0.00', '0.00', 0, '0.00', '0.00'),
(96, '2016-11-11 02:30:39', 1, 1, '267.20', '89.78', '979.02', 0, '0.00', '0.00'),
(97, '2016-11-11 03:06:08', 1, 1, '0.00', '0.00', '0.00', 0, '0.00', '0.00'),
(98, '2016-11-11 03:11:31', 1, 1, '0.00', '0.00', '0.00', 0, '0.00', '0.00'),
(99, '2016-11-11 03:14:17', 1, 1, '0.00', '0.00', '0.00', 0, '0.00', '0.00'),
(100, '2016-11-11 03:14:37', 1, 1, '0.00', '0.00', '0.00', 0, '0.00', '0.00'),
(101, '2016-11-11 03:19:20', 1, 1, '160.32', '53.87', '1121.81', 0, '0.00', '0.00'),
(102, '2016-11-11 03:20:53', 1, 1, '0.00', '0.00', '0.00', 0, '0.00', '0.00'),
(103, '2016-11-11 03:22:14', 1, 1, '1162.32', '390.54', '8133.14', 0, '0.00', '0.00'),
(104, '2016-11-11 03:27:27', 1, 1, '0.00', '0.00', '0.00', 0, '0.00', '0.00'),
(105, '2016-11-11 10:29:49', 1, 1, '0.00', '0.00', '0.00', 0, '0.00', '0.00'),
(106, '2016-11-11 11:13:41', 1, 1, '0.00', '0.00', '0.00', 0, '0.00', '0.00'),
(107, '2016-11-11 13:02:14', 1, 1, '160.32', '53.87', '1121.81', 0, '0.00', '0.00'),
(108, '2016-11-11 13:06:01', 1, 1, '0.00', '0.00', '0.00', 0, '0.00', '0.00'),
(109, '2016-11-11 13:13:13', 1, 1, '160.32', '53.87', '1121.81', 0, '0.00', '0.00'),
(110, '2016-11-11 13:19:14', 1, 1, '160.32', '53.87', '1121.81', 0, '0.00', '0.00'),
(111, '2016-11-11 13:25:56', 1, 1, '1.60', '0.54', '11.22', 0, '0.00', '0.00'),
(112, '2016-11-11 13:29:17', 1, 1, '160.32', '53.87', '1121.81', 0, '0.00', '0.00'),
(113, '2016-11-11 13:32:06', 1, 1, '160.32', '53.87', '1121.81', 0, '0.00', '0.00'),
(114, '2016-11-11 13:34:03', 1, 1, '160.32', '53.87', '1121.81', 0, '0.00', '0.00'),
(115, '2016-11-11 13:35:11', 1, 1, '160.32', '53.87', '1121.81', 0, '0.00', '0.00'),
(116, '2016-11-11 13:36:23', 1, 1, '0.00', '0.00', '0.00', 0, '0.00', '0.00'),
(117, '2016-11-11 13:43:50', 1, 1, '160.32', '53.87', '1121.81', 0, '0.00', '0.00'),
(118, '2016-11-11 13:47:18', 1, 1, '160.32', '53.87', '1121.81', 0, '0.00', '0.00'),
(119, '2016-11-11 13:49:07', 1, 1, '160.32', '53.87', '1121.81', 0, '0.00', '0.00'),
(120, '2016-11-11 14:12:37', 1, 1, '160.32', '53.87', '1121.81', 0, '0.00', '0.00'),
(121, '2016-11-11 14:15:59', 1, 1, '160.32', '53.87', '1121.81', 0, '0.00', '0.00'),
(122, '2016-11-11 14:18:30', 1, 1, '160.32', '53.87', '1121.81', 0, '0.00', '0.00'),
(123, '2016-11-11 14:20:04', 1, 1, '160.32', '53.87', '1121.81', 0, '0.00', '0.00'),
(124, '2016-11-11 14:23:09', 1, 1, '160.32', '53.87', '1121.81', 0, '0.00', '0.00'),
(125, '2016-11-11 14:30:54', 1, 1, '160.32', '53.87', '1121.81', 0, '0.00', '0.00'),
(126, '2016-11-11 14:34:24', 1, 1, '0.00', '0.00', '0.00', 0, '0.00', '0.00'),
(127, '2016-11-11 14:38:51', 1, 1, '160.32', '53.87', '1121.81', 0, '0.00', '0.00'),
(128, '2016-11-11 14:40:10', 1, 1, '160.32', '53.87', '1121.81', 0, '0.00', '0.00'),
(129, '2016-11-11 14:46:01', 1, 1, '160.32', '53.87', '1121.81', 0, '0.00', '0.00'),
(130, '2016-11-11 14:46:52', 1, 1, '160.32', '53.87', '1121.81', 0, '0.00', '0.00'),
(131, '2016-11-11 14:48:02', 1, 1, '0.00', '0.00', '0.00', 0, '0.00', '0.00'),
(132, '2016-11-11 14:50:11', 1, 1, '0.00', '0.00', '0.00', 0, '0.00', '0.00'),
(133, '2016-11-11 14:50:38', 1, 1, '0.00', '0.00', '0.00', 0, '0.00', '0.00'),
(134, '2016-11-11 14:51:11', 1, 1, '160.32', '53.87', '1121.81', 0, '0.00', '0.00'),
(135, '2016-11-11 15:14:45', 1, 1, '160.32', '53.87', '1121.81', 0, '0.00', '0.00'),
(136, '2016-11-11 15:16:07', 1, 1, '0.00', '0.00', '0.00', 0, '0.00', '0.00'),
(137, '2016-11-11 15:17:37', 1, 1, '0.00', '0.00', '0.00', 0, '0.00', '0.00'),
(138, '2016-11-11 15:19:07', 1, 1, '160.32', '53.87', '1121.81', 0, '0.00', '0.00'),
(139, '2016-11-11 15:20:07', 1, 1, '160.32', '53.87', '1121.81', 0, '0.00', '0.00'),
(140, '2016-11-11 15:21:04', 1, 1, '0.00', '0.00', '0.00', 0, '0.00', '0.00'),
(141, '2016-11-11 15:21:12', 1, 1, '0.00', '0.00', '0.00', 0, '0.00', '0.00'),
(142, '2016-11-11 15:22:36', 1, 1, '0.00', '0.00', '0.00', 0, '0.00', '0.00'),
(143, '2016-11-11 15:25:38', 1, 1, '0.00', '0.00', '0.00', 0, '0.00', '0.00'),
(144, '2016-11-11 15:26:48', 1, 1, '0.00', '0.00', '0.00', 0, '0.00', '0.00'),
(145, '2016-11-11 15:28:15', 1, 1, '160.32', '53.87', '1121.81', 0, '0.00', '0.00'),
(146, '2016-11-11 15:34:53', 1, 1, '160.32', '53.87', '1121.81', 0, '0.00', '0.00'),
(147, '2016-11-11 15:36:33', 1, 1, '160.32', '53.87', '1121.81', 0, '0.00', '0.00'),
(148, '2016-11-11 16:08:53', 1, 1, '0.00', '0.00', '0.00', 0, '0.00', '0.00'),
(149, '2016-11-11 16:09:00', 1, 1, '160.32', '53.87', '1121.81', 0, '0.00', '0.00'),
(150, '2016-11-11 16:10:25', 1, 1, '0.00', '0.00', '0.00', 0, '0.00', '0.00'),
(151, '2016-11-11 16:10:56', 1, 2, '1.97', '0.66', '13.75', 0, '0.00', '0.00'),
(152, '2016-11-11 16:27:01', 1, 1, '0.00', '0.00', '0.00', 0, '0.00', '0.00'),
(153, '2016-11-11 16:29:58', 1, 1, '0.00', '0.00', '0.00', 0, '0.00', '0.00'),
(154, '2016-11-11 16:32:06', 1, 1, '1.60', '0.54', '11.22', 0, '0.00', '0.00'),
(155, '2016-11-11 16:51:22', 1, 1, '0.00', '0.00', '0.00', 0, '0.00', '0.00'),
(156, '2016-11-11 16:52:22', 1, 1, '0.00', '0.00', '0.00', 0, '0.00', '0.00'),
(157, '2016-11-11 16:58:14', 1, 1, '160.32', '53.87', '1121.81', 0, '0.00', '0.00'),
(158, '2016-11-11 17:01:01', 1, 1, '-51.18', '-17.20', '-358.11', 0, '0.00', '0.00'),
(159, '2016-11-11 17:09:53', 1, 1, '641.28', '215.47', '4487.25', 0, '0.00', '0.00'),
(160, '2016-11-11 17:16:51', 1, 1, '0.00', '0.00', '0.00', 0, '0.00', '0.00'),
(161, '2016-11-11 17:19:17', 1, 1, '160.32', '53.87', '1121.81', 0, '0.00', '0.00'),
(162, '2016-11-11 17:24:07', 1, 1, '0.00', '0.00', '0.00', 0, '0.00', '0.00'),
(163, '2016-11-11 17:26:22', 1, 1, '0.00', '0.00', '0.00', 0, '0.00', '0.00'),
(164, '2016-11-11 17:28:36', 1, 1, '1.76', '0.59', '12.34', 0, '0.00', '0.00'),
(165, '2016-11-11 17:30:23', 1, 1, '1135.71', '381.60', '7946.92', 0, '0.00', '0.00'),
(166, '2016-11-11 17:32:15', 1, 1, '322.61', '108.40', '2257.38', 0, '0.00', '0.00'),
(167, '2016-11-11 17:34:27', 1, 1, '51.62', '17.35', '361.22', 0, '0.00', '0.00'),
(168, '2016-11-11 17:37:04', 1, 1, '53.23', '17.88', '372.44', 0, '0.00', '0.00'),
(169, '2016-11-11 17:54:31', 1, 1, '0.00', '0.00', '0.00', 0, '0.00', '0.00'),
(170, '2016-11-11 17:56:35', 1, 1, '0.00', '0.00', '0.00', 0, '0.00', '0.00'),
(171, '2016-11-11 17:59:27', 1, 1, '51.62', '17.35', '361.22', 0, '0.00', '0.00'),
(172, '2016-11-11 18:02:13', 1, 1, '0.00', '0.00', '0.00', 0, '0.00', '0.00'),
(173, '2016-11-11 18:04:39', 1, 2, '160.32', '53.87', '1121.81', 0, '0.00', '0.00'),
(174, '2016-11-11 18:05:31', 1, 1, '0.00', '0.00', '0.00', 0, '0.00', '0.00'),
(175, '2016-11-11 18:10:57', 1, 1, '480.96', '161.60', '3365.44', 0, '0.00', '0.00'),
(176, '2016-11-11 18:14:27', 1, 1, '51.62', '17.35', '361.22', 0, '0.00', '0.00'),
(177, '2016-11-11 19:15:30', 1, 1, '0.00', '0.00', '0.00', 0, '0.00', '0.00'),
(178, '2016-11-11 19:16:03', 1, 1, '0.00', '0.00', '0.00', 0, '0.00', '0.00'),
(179, '2016-11-11 19:16:21', 1, 1, '0.00', '0.00', '0.00', 0, '0.00', '0.00'),
(180, '2016-11-11 19:23:03', 1, 2, '3.93', '1.32', '27.51', 0, '0.00', '0.00'),
(181, '2016-11-11 19:24:01', 1, 1, '0.00', '0.00', '0.00', 0, '0.00', '0.00'),
(182, '2016-11-11 19:39:49', 1, 1, '0.00', '0.00', '0.00', 0, '0.00', '0.00'),
(183, '2016-11-11 19:42:00', 1, 1, '0.00', '0.00', '0.00', 0, '0.00', '0.00'),
(184, '2016-11-11 19:44:11', 1, 1, '0.00', '0.00', '0.00', 0, '0.00', '0.00'),
(185, '2016-11-11 19:44:55', 1, 1, '0.00', '0.00', '0.00', 0, '0.00', '0.00'),
(186, '2016-11-11 19:50:05', 1, 1, '0.00', '0.00', '0.00', 0, '0.00', '0.00'),
(187, '2016-11-11 19:50:48', 1, 1, '0.00', '0.00', '0.00', 0, '0.00', '0.00'),
(188, '2016-11-11 19:53:03', 1, 1, '0.00', '0.00', '0.00', 0, '0.00', '0.00'),
(189, '2016-11-11 19:53:56', 1, 1, '0.00', '0.00', '0.00', 0, '0.00', '0.00'),
(190, '2016-11-11 19:54:53', 1, 1, '0.00', '0.00', '0.00', 0, '0.00', '0.00'),
(191, '2016-11-11 19:55:44', 1, 1, '1.97', '0.66', '13.75', 0, '0.00', '0.00'),
(192, '2016-11-11 20:03:26', 1, 1, '0.00', '0.00', '0.00', 0, '0.00', '0.00'),
(193, '2016-11-11 20:14:41', 1, 1, '0.00', '0.00', '0.00', 0, '0.00', '0.00'),
(194, '2016-11-11 20:17:53', 1, 1, '0.00', '0.00', '0.00', 0, '0.00', '0.00'),
(195, '2016-11-11 20:19:08', 1, 1, '0.00', '0.00', '0.00', 0, '0.00', '0.00'),
(196, '2016-11-11 20:20:35', 1, 1, '0.00', '0.00', '0.00', 0, '0.00', '0.00'),
(197, '2016-11-11 20:21:38', 1, 1, '0.00', '0.00', '0.00', 0, '0.00', '0.00'),
(198, '2016-11-11 20:24:49', 1, 1, '0.00', '0.00', '0.00', 0, '0.00', '0.00'),
(199, '2016-11-11 20:27:24', 1, 1, '0.00', '0.00', '0.00', 0, '0.00', '0.00'),
(200, '2016-11-11 20:35:21', 1, 1, '0.00', '0.00', '0.00', 0, '0.00', '0.00'),
(201, '2016-11-11 20:35:27', 1, 1, '0.00', '0.00', '0.00', 0, '0.00', '0.00'),
(202, '2016-11-11 20:35:34', 1, 1, '0.00', '0.00', '0.00', 0, '0.00', '0.00'),
(205, '2016-11-11 20:40:40', 1, 1, '0.00', '0.00', '0.00', 0, '0.00', '0.00'),
(206, '2016-11-11 20:45:47', 1, 1, '0.00', '0.00', '0.00', 0, '0.00', '0.00'),
(207, '2016-11-11 20:48:14', 1, 1, '51.62', '17.35', '361.22', 0, '0.00', '0.00'),
(208, '2016-11-11 20:50:02', 1, 1, '1.97', '0.66', '13.75', 0, '0.00', '0.00'),
(209, '2016-11-11 20:52:15', 1, 1, '0.00', '0.00', '0.00', 0, '0.00', '0.00'),
(210, '2016-11-11 20:57:18', 1, 1, '0.00', '0.00', '0.00', 0, '0.00', '0.00'),
(211, '2016-11-11 20:58:47', 1, 1, '0.00', '0.00', '0.00', 0, '0.00', '0.00'),
(212, '2016-11-11 20:58:59', 1, 1, '0.00', '0.00', '0.00', 0, '0.00', '0.00'),
(213, '2016-11-11 21:02:58', 1, 1, '0.00', '0.00', '0.00', 0, '0.00', '0.00'),
(214, '2016-11-11 21:04:21', 1, 1, '0.00', '0.00', '0.00', 0, '0.00', '0.00'),
(215, '2016-11-11 21:04:49', 1, 1, '0.00', '0.00', '0.00', 0, '0.00', '0.00'),
(216, '2016-11-11 21:10:27', 1, 1, '0.16', '0.06', '16.16', 0, '0.00', '0.00'),
(217, '2016-11-11 21:16:39', 1, 1, '0.00', '0.00', '0.00', 0, '0.00', '0.00'),
(218, '2016-11-11 21:19:13', 1, 1, '0.00', '0.00', '0.00', 0, '0.00', '0.00'),
(219, '2016-11-11 21:24:20', 1, 1, '0.00', '0.00', '0.00', 0, '0.00', '0.00'),
(220, '2016-11-11 21:25:37', 1, 1, '0.00', '0.00', '0.00', 0, '0.00', '0.00'),
(221, '2016-11-11 21:27:45', 1, 1, '0.00', '0.00', '0.00', 0, '0.00', '0.00'),
(222, '2016-11-11 21:28:36', 1, 1, '0.00', '0.00', '0.00', 0, '0.00', '0.00'),
(223, '2016-11-11 21:38:19', 1, 1, '0.00', '0.00', '0.00', 0, '0.00', '0.00'),
(224, '2016-11-11 21:38:58', 1, 1, '0.00', '0.00', '0.00', 0, '0.00', '0.00'),
(225, '2016-11-11 21:39:36', 1, 1, '0.00', '0.00', '0.00', 0, '0.00', '0.00'),
(226, '2016-11-11 21:41:55', 1, 1, '0.00', '0.00', '0.00', 0, '0.00', '0.00'),
(227, '2016-11-11 21:43:55', 1, 1, '0.00', '0.00', '0.00', 0, '0.00', '0.00'),
(228, '2016-11-11 21:45:01', 1, 1, '0.00', '0.00', '0.00', 0, '0.00', '0.00'),
(229, '2016-11-11 21:47:20', 1, 1, '0.00', '0.00', '0.00', 0, '0.00', '0.00'),
(230, '2016-11-11 21:50:45', 1, 1, '0.00', '0.00', '0.00', 0, '0.00', '0.00'),
(231, '2016-11-11 21:57:04', 1, 1, '0.00', '0.00', '0.00', 0, '0.00', '0.00'),
(232, '2016-11-11 22:00:00', 1, 1, '0.00', '0.00', '0.00', 0, '0.00', '0.00'),
(233, '2016-11-11 22:02:00', 1, 1, '4.47', '1.50', '440.60', 0, '0.00', '0.00'),
(234, '2016-11-11 22:06:27', 1, 1, '0.00', '0.00', '0.00', 0, '0.00', '0.00'),
(235, '2016-11-11 22:07:53', 1, 1, '0.00', '0.00', '0.00', 0, '0.00', '0.00'),
(236, '2016-11-11 22:12:11', 1, 1, '0.00', '0.00', '0.00', 0, '0.00', '0.00'),
(237, '2016-11-11 22:13:33', 4, 1, '89.31', '30.01', '327.25', 0, '0.00', '0.00'),
(238, '2016-11-11 22:18:43', 1, 1, '0.00', '0.00', '0.00', 0, '0.00', '0.00'),
(239, '2016-11-11 22:20:42', 1, 1, '0.00', '0.00', '0.00', 0, '0.00', '0.00'),
(240, '2016-11-11 22:23:42', 1, 1, '0.00', '0.00', '0.00', 0, '0.00', '0.00'),
(241, '2016-11-11 22:23:58', 1, 1, '0.00', '0.00', '0.00', 0, '0.00', '0.00'),
(242, '2016-11-11 22:24:26', 1, 1, '0.00', '0.00', '0.00', 0, '0.00', '0.00'),
(243, '2016-11-11 22:31:52', 1, 1, '3.28', '1.10', '12.00', 0, '0.00', '0.00'),
(244, '2016-11-11 22:36:40', 1, 1, '0.00', '0.00', '0.00', 0, '0.00', '0.00'),
(245, '2016-11-11 22:37:27', 1, 1, '0.00', '0.00', '0.00', 0, '0.00', '0.00'),
(246, '2016-11-11 22:43:31', 1, 1, '3.28', '1.10', '12.00', 0, '0.00', '0.00'),
(247, '2016-11-11 22:46:24', 1, 1, '3.28', '1.10', '12.00', 0, '0.00', '0.00'),
(248, '2016-11-11 22:49:25', 1, 1, '6.55', '2.20', '24.01', 0, '0.00', '0.00'),
(249, '2016-11-11 22:53:02', 1, 1, '3.28', '1.10', '12.00', 0, '0.00', '0.00'),
(250, '2016-11-11 22:54:27', 1, 1, '3.28', '1.10', '12.00', 0, '0.00', '0.00'),
(251, '2016-11-11 22:56:39', 1, 1, '3.28', '1.10', '12.00', 0, '0.00', '0.00'),
(252, '2016-11-11 22:58:37', 1, 1, '3.28', '1.10', '12.00', 0, '0.00', '0.00'),
(253, '2016-11-11 23:08:59', 1, 1, '3.28', '1.10', '12.00', 0, '0.00', '0.00'),
(254, '2016-11-11 23:11:43', 1, 1, '0.00', '0.00', '0.00', 0, '0.00', '0.00'),
(255, '2016-11-11 23:14:22', 1, 1, '3.28', '1.10', '12.00', 0, '0.00', '0.00'),
(256, '2016-11-11 23:15:44', 1, 1, '0.00', '0.00', '0.00', 0, '0.00', '0.00'),
(257, '2016-11-11 23:17:52', 1, 2, '3.28', '1.10', '12.00', 0, '0.00', '0.00'),
(258, '2016-11-11 23:43:20', 1, 1, '0.00', '0.00', '0.00', 0, '0.00', '0.00'),
(259, '2016-11-11 23:43:48', 1, 1, '89.31', '30.01', '327.25', 0, '0.00', '0.00'),
(260, '2016-11-12 00:00:54', 1, 1, '89.31', '30.01', '327.25', 0, '0.00', '0.00'),
(261, '2016-11-12 00:02:53', 1, 2, '89.31', '30.01', '327.25', 0, '0.00', '0.00'),
(262, '2016-11-12 00:05:41', 1, 1, '1135.60', '381.56', '4160.84', 0, '0.00', '0.00'),
(263, '2016-11-12 00:11:35', 1, 1, '89.31', '30.01', '327.25', 0, '0.00', '0.00'),
(266, '2016-11-12 00:32:51', 1, 1, '0.00', '0.00', '0.00', 0, '0.00', '0.00'),
(267, '2016-11-12 00:39:49', 5, 1, '1135.60', '381.56', '4160.84', 0, '0.00', '0.00'),
(268, '2016-11-12 00:45:37', 5, 2, '1135.60', '381.56', '4160.84', 0, '0.00', '0.00'),
(269, '2016-11-12 00:47:40', 1, 1, '0.00', '0.00', '0.00', 0, '0.00', '0.00'),
(270, '2016-11-12 01:14:11', 1, 1, '0.00', '0.00', '0.00', 0, '0.00', '0.00'),
(271, '2016-11-12 01:15:53', 1, 1, '0.00', '0.00', '0.00', 0, '0.00', '0.00'),
(272, '2016-11-12 01:16:14', 1, 1, '0.00', '0.00', '0.00', 0, '0.00', '0.00'),
(273, '2016-11-12 01:16:55', 1, 1, '0.00', '0.00', '0.00', 0, '0.00', '0.00'),
(274, '2016-11-12 01:17:22', 1, 1, '0.00', '0.00', '0.00', 0, '0.00', '0.00'),
(275, '2016-11-12 01:18:24', 1, 1, '0.00', '0.00', '0.00', 0, '0.00', '0.00'),
(276, '2016-11-12 01:19:21', 1, 1, '0.00', '0.00', '0.00', 0, '0.00', '0.00'),
(277, '2016-11-12 01:20:09', 1, 1, '0.00', '0.00', '0.00', 0, '0.00', '0.00'),
(278, '2016-11-12 01:20:46', 1, 1, '0.00', '0.00', '0.00', 0, '0.00', '0.00'),
(279, '2016-11-12 01:21:33', 1, 1, '0.00', '0.00', '0.00', 0, '0.00', '0.00'),
(280, '2016-11-12 01:23:23', 1, 1, '2271.20', '763.12', '8321.68', 0, '0.00', '0.00'),
(281, '2016-11-12 01:25:45', 1, 1, '0.00', '0.00', '0.00', 0, '0.00', '0.00'),
(282, '2016-11-12 01:26:18', 7, 2, '2271.20', '763.12', '8321.68', 0, '0.00', '0.00'),
(283, '2016-11-12 01:35:15', 8, 2, '2675.28', '898.89', '9802.21', 0, '0.00', '0.00'),
(284, '2016-11-12 01:55:46', 9, 1, '20000.00', '6720.00', '73280.00', 0, '0.00', '0.00'),
(285, '2016-11-12 01:59:54', 7, 1, '20000.00', '6720.00', '73280.00', 0, '0.00', '0.00'),
(286, '2016-11-12 02:11:37', 1, 1, '0.00', '0.00', '0.00', 0, '0.00', '0.00'),
(287, '2016-11-12 02:12:22', 1, 1, '6412.80', '2154.70', '23496.50', 0, '0.00', '0.00'),
(288, '2016-11-12 02:17:18', 9, 1, '3206.40', '1077.35', '11748.25', 0, '0.00', '0.00'),
(289, '2016-11-12 02:18:56', 5, 2, '3206.40', '1077.35', '11748.25', 0, '0.00', '0.00'),
(290, '2016-11-12 02:21:22', 9, 2, '20000.00', '6720.00', '73280.00', 0, '0.00', '0.00'),
(291, '2016-11-12 02:22:25', 1, 1, '0.00', '0.00', '0.00', 0, '0.00', '0.00'),
(292, '2016-11-12 02:24:29', 1, 1, '0.00', '0.00', '0.00', 0, '0.00', '0.00'),
(293, '2016-11-12 02:26:01', 1, 1, '3206.40', '1077.35', '11748.25', 0, '0.00', '0.00'),
(294, '2016-11-12 02:28:46', 1, 1, '3206.40', '1077.35', '11748.25', 0, '0.00', '0.00'),
(295, '2016-11-12 02:31:12', 5, 1, '3212.95', '1079.55', '11772.25', 0, '0.00', '0.00'),
(296, '2016-11-12 02:39:53', 1, 1, '0.00', '0.00', '0.00', 0, '0.00', '0.00'),
(297, '2016-11-12 02:43:15', 5, 1, '1336.00', '448.90', '4895.10', 0, '0.00', '0.00'),
(298, '2016-11-12 02:44:53', 5, 1, '3206.40', '1077.35', '11748.25', 0, '0.00', '0.00'),
(299, '2016-11-12 02:46:37', 7, 1, '3206.40', '1077.35', '11748.25', 0, '0.00', '0.00'),
(301, '2016-11-12 02:50:57', 1, 1, '3209.68', '1078.45', '11760.25', 0, '0.00', '0.00'),
(302, '2016-11-12 02:51:54', 1, 2, '15901.68', '5342.96', '58263.74', 0, '0.00', '0.00'),
(304, '2016-11-12 02:58:50', 1, 1, '0.00', '0.00', '0.00', 0, '0.00', '0.00'),
(305, '2016-11-12 02:59:42', 1, 1, '0.00', '0.00', '0.00', 0, '0.00', '0.00'),
(306, '2016-11-12 03:00:40', 1, 1, '0.00', '0.00', '0.00', 0, '0.00', '0.00'),
(307, '2016-11-12 03:01:39', 1, 1, '0.00', '0.00', '0.00', 0, '0.00', '0.00'),
(308, '2016-11-12 03:04:31', 1, 1, '20000.00', '6720.00', '73280.00', 0, '0.00', '0.00'),
(309, '2016-11-12 03:11:45', 1, 1, '0.00', '0.00', '0.00', 0, '0.00', '0.00'),
(310, '2016-11-12 03:12:05', 1, 1, '20000.00', '6720.00', '73280.00', 0, '0.00', '0.00');

-- --------------------------------------------------------

--
-- Estructura de tabla para la tabla `tbl_articulos`
--

CREATE TABLE `tbl_articulos` (
  `idu_articulo` bigint(20) NOT NULL,
  `des_articulo` varchar(45) NOT NULL,
  `des_modelo` varchar(45) NOT NULL,
  `num_precio` decimal(18,2) NOT NULL,
  `num_existencia` bigint(20) DEFAULT NULL,
  `opc_estatus` tinyint(1) DEFAULT '0'
) ENGINE=InnoDB DEFAULT CHARSET=utf8;

--
-- Volcado de datos para la tabla `tbl_articulos`
--

INSERT INTO `tbl_articulos` (`idu_articulo`, `des_articulo`, `des_modelo`, `num_precio`, `num_existencia`, `opc_estatus`) VALUES
(1, 'ARTICULO 1', 'MODELO 1', '4250.00', 100, 0),
(2, 'ARTICULO 2222', 'MODELO 1', '10.00', 100, 0),
(3, 'ARTICULO 2222', 'MODELO 1', '10.00', 100, 0),
(4, 'DescripcionArtddd', 'descMOldelo', '11.00', 102, 0),
(5, 'DescripcionArtewewe', 'adasdadsasasaewewewe', '34.40', 102, 0),
(7, ' ', ' ', '0.00', 0, 0),
(8, ' ', ' ', '0.00', 0, 0),
(9, ' ', ' ', '0.00', 0, 0),
(10, ' ', ' ', '0.00', 0, 0),
(11, ' ', ' ', '0.00', 0, 0),
(12, ' ', ' ', '0.00', 0, 0),
(13, ' ', ' ', '0.00', 0, 0),
(14, ' ', ' ', '0.00', 0, 0),
(15, ' ', ' ', '0.00', 0, 0),
(16, ' ', ' ', '0.00', 0, 0),
(17, ' ', ' ', '0.00', 0, 0),
(18, ' ', ' ', '0.00', 0, 0),
(19, ' ', ' ', '0.00', 0, 0),
(20, ' ', ' ', '0.00', 0, 0),
(21, ' ', ' ', '0.00', 0, 0),
(22, ' ', ' ', '0.00', 0, 0),
(23, ' ', ' ', '0.00', 0, 0),
(24, ' ', ' ', '0.00', 0, 0),
(25, ' ', ' ', '0.00', 0, 0),
(28, ' ', ' ', '0.00', 0, 0),
(30, ' ', ' ', '0.00', 0, 0),
(31, 'danielelelel', 'lalalalalalal', '1000.00', 22, 0),
(32, 'prueba', 'prueba', '12.00', 323, 0),
(33, 'hahahah', 'kkkkk', '23.00', 223, 0),
(36, 'kjkj', 'kj', '87.00', 78, 0),
(40, 'hj', 'hj', '787.00', 8, 0),
(41, 'h', 'hjhj', '87.00', 89, 0),
(42, 'hjj', 'hj', '78.00', 78, 0),
(44, 'hj', 'jh', '87.00', 87, 0),
(45, 'dddddddddddddddddd', 'ddddddddddddddddddddddddddddddd', '32.00', 333333, 0),
(46, 'hj', 'jh', '89.00', 98998, 0),
(47, 'j', 'j', '87.00', 78, 0),
(51, ' ', ' ', '0.00', 0, 0),
(52, ' ', ' ', '0.00', 0, 0),
(53, ' ', ' ', '0.00', 0, 0),
(55, ' ', ' ', '0.00', 0, 0),
(56, ' ', ' ', '0.00', 0, 0),
(57, ' ', ' ', '0.00', 0, 0),
(58, ' ', ' ', '0.00', 0, 0),
(59, ' ', ' ', '0.00', 0, 0),
(60, ' ', ' ', '0.00', 0, 0),
(61, ' ', ' ', '0.00', 0, 0),
(62, ' ', ' ', '0.00', 0, 0),
(63, ' ', ' ', '0.00', 0, 0),
(64, ' ', ' ', '0.00', 0, 0),
(65, ' ', ' ', '0.00', 0, 0),
(66, ' ', ' ', '0.00', 0, 0),
(67, ' ', ' ', '0.00', 0, 0),
(68, ' ', ' ', '0.00', 0, 0),
(70, ' ', ' ', '0.00', 0, 0),
(71, ' ', ' ', '0.00', 0, 0),
(72, ' ', ' ', '0.00', 0, 0),
(73, ' ', ' ', '0.00', 0, 0),
(74, ' ', ' ', '0.00', 0, 0),
(75, ' ', ' ', '0.00', 0, 0),
(76, ' ', ' ', '0.00', 0, 0),
(77, ' ', ' ', '0.00', 0, 0),
(78, ' ', ' ', '0.00', 0, 0),
(79, ' ', ' ', '0.00', 0, 0),
(84, ' ', ' ', '0.00', 0, 0),
(85, ' ', ' ', '0.00', 0, 0),
(86, ' ', ' ', '0.00', 0, 0),
(87, ' ', ' ', '0.00', 0, 0),
(88, ' ', ' ', '0.00', 0, 0),
(89, ' ', ' ', '0.00', 0, 0),
(90, ' ', ' ', '0.00', 0, 0),
(91, ' ', ' ', '0.00', 0, 0),
(92, ' ', ' ', '0.00', 0, 0),
(93, ' ', ' ', '0.00', 0, 0),
(94, ' ', ' ', '0.00', 0, 0),
(95, ' ', ' ', '0.00', 0, 0),
(96, ' ', ' ', '0.00', 0, 0),
(97, ' ', ' ', '0.00', 0, 0),
(98, ' ', ' ', '0.00', 0, 0),
(99, ' ', ' ', '0.00', 0, 0),
(100, ' ', ' ', '0.00', 0, 0),
(101, ' ', ' ', '0.00', 0, 0),
(102, ' ', ' ', '0.00', 0, 0),
(103, ' ', ' ', '0.00', 0, 0),
(104, ' ', ' ', '0.00', 0, 0),
(105, ' ', ' ', '0.00', 0, 0),
(106, ' ', ' ', '0.00', 0, 0),
(107, ' ', ' ', '0.00', 0, 0),
(108, ' ', ' ', '0.00', 0, 0),
(109, ' ', ' ', '0.00', 0, 0),
(110, ' ', ' ', '0.00', 0, 0),
(111, ' ', ' ', '0.00', 0, 0),
(112, ' ', ' ', '0.00', 0, 0),
(113, ' ', ' ', '0.00', 0, 0),
(114, ' ', ' ', '0.00', 0, 0),
(115, ' ', ' ', '0.00', 0, 0),
(116, ' ', ' ', '0.00', 0, 0),
(117, ' ', ' ', '0.00', 0, 0),
(118, ' ', ' ', '0.00', 0, 0),
(119, ' ', ' ', '0.00', 0, 0),
(120, ' ', ' ', '0.00', 0, 0),
(122, ' ', ' ', '0.00', 0, 0),
(123, ' ', ' ', '0.00', 0, 0),
(124, ' ', ' ', '0.00', 0, 0),
(125, ' ', ' ', '0.00', 0, 0),
(126, ' ', ' ', '0.00', 0, 0),
(127, ' ', ' ', '0.00', 0, 0),
(128, ' ', ' ', '0.00', 0, 0),
(129, ' ', ' ', '0.00', 0, 0),
(130, ' ', ' ', '0.00', 0, 0),
(131, ' ', ' ', '0.00', 0, 0),
(132, ' ', ' ', '0.00', 0, 0),
(133, ' ', ' ', '0.00', 0, 0),
(134, ' ', ' ', '0.00', 0, 0),
(135, ' ', ' ', '0.00', 0, 0),
(136, ' ', ' ', '0.00', 0, 0),
(137, ' ', ' ', '0.00', 0, 0),
(138, ' ', ' ', '0.00', 0, 0),
(139, ' ', ' ', '0.00', 0, 0),
(140, ' ', ' ', '0.00', 0, 0),
(141, ' ', ' ', '0.00', 0, 0),
(142, ' ', ' ', '0.00', 0, 0),
(143, ' ', ' ', '0.00', 0, 0),
(144, ' ', ' ', '0.00', 0, 0),
(145, 'Articulo 3333', 'MOdelo 3333', '10.25', 12, 0),
(146, ' ', ' ', '0.00', 0, 0),
(147, 'Articulo 1 activo', 'modelo activo', '12.26', 145, 1),
(148, ' ', ' ', '0.00', 0, 0),
(149, ' ', ' ', '0.00', 0, 0),
(150, ' ', ' ', '0.00', 0, 0),
(151, ' ', ' ', '0.00', 0, 0),
(152, ' ', ' ', '0.00', 0, 0),
(153, ' ', ' ', '0.00', 0, 0),
(154, ' ', ' ', '0.00', 0, 0),
(155, ' ', ' ', '0.00', 0, 0),
(156, ' ', ' ', '0.00', 0, 0),
(157, ' ', ' ', '0.00', 0, 0),
(158, ' ', ' ', '0.00', 0, 0),
(159, ' ', ' ', '0.00', 0, 0),
(160, ' ', ' ', '0.00', 0, 0),
(161, ' ', ' ', '0.00', 0, 0),
(162, ' ', ' ', '0.00', 0, 0),
(163, ' ', ' ', '0.00', 0, 0),
(164, ' ', ' ', '0.00', 0, 0),
(165, ' ', ' ', '0.00', 0, 0),
(166, ' ', ' ', '0.00', 0, 0),
(167, ' ', ' ', '0.00', 0, 0),
(168, ' ', ' ', '0.00', 0, 0),
(169, '342', '2342', '3242.00', 2344, 1),
(170, 'csd', 'dsd', '12.00', 12, 1),
(171, ' ', ' ', '0.00', 0, 0),
(172, ' ', ' ', '0.00', 0, 0),
(173, ' ', ' ', '0.00', 0, 0),
(174, ' ', ' ', '0.00', 0, 0),
(175, ' ', ' ', '0.00', 0, 0),
(176, ' ', ' ', '0.00', 0, 0),
(177, ' ', ' ', '0.00', 0, 0),
(178, 'ewrw', 'erwr', '344.00', 23, 1),
(180, ' ', ' ', '0.00', 0, 0),
(181, ' ', ' ', '0.00', 0, 0),
(182, ' ', ' ', '0.00', 0, 0),
(183, ' ', ' ', '0.00', 0, 0),
(184, ' ', ' ', '0.00', 0, 0),
(185, ' ', ' ', '0.00', 0, 0),
(187, 'dasdadsa', 'asdasda', '322.00', 341, 1),
(188, ' ', ' ', '0.00', 0, 0),
(189, ' ', ' ', '0.00', 0, 0),
(190, 'Articulo prueba activo', 'Modelo activo', '4250.00', 91, 1),
(191, ' ', ' ', '0.00', 0, 0),
(192, ' ', ' ', '0.00', 0, 0),
(193, ' ', ' ', '0.00', 0, 0),
(194, 'tenedor express', 'HP', '4250.00', 97, 1),
(195, ' ', ' ', '0.00', 0, 0),
(196, 'plato ondo', 'Express', '5000.00', 97, 1),
(197, 'plato2', 'cartalena', '1868400000.00', 100, 1),
(199, 'laptop', 'ho', '12000.00', 0, 1);

-- --------------------------------------------------------

--
-- Estructura de tabla para la tabla `tbl_clientes`
--

CREATE TABLE `tbl_clientes` (
  `idu_cliente` bigint(20) NOT NULL,
  `cve_cliente` varchar(50) DEFAULT NULL,
  `des_nombrecompleto` varchar(50) NOT NULL,
  `des_apellidopaterno` varchar(45) NOT NULL,
  `des_apellidomaterno` varchar(45) NOT NULL,
  `des_rfc` varchar(45) NOT NULL
) ENGINE=InnoDB DEFAULT CHARSET=utf8;

--
-- Volcado de datos para la tabla `tbl_clientes`
--

INSERT INTO `tbl_clientes` (`idu_cliente`, `cve_cliente`, `des_nombrecompleto`, `des_apellidopaterno`, `des_apellidomaterno`, `des_rfc`) VALUES
(1, NULL, 'juan Daniel arrr', 'lazalde', 'centeno', '5125615612561256sdddsd'),
(2, NULL, 'da', 'lala', 'llll', '2323231'),
(3, NULL, 'danieiiiii', 'llll', 'lll', '34xddd'),
(4, NULL, 'pedro', 'zalazar', 'sanches', '12345678998HBC'),
(5, NULL, 'juan jose', 'lazalde', 'longoria', 'LACFGGGGGGGTTTTT21365'),
(7, NULL, 'maria de jesus', 'centeno', 'puentes', 'MARRRRHGF65465'),
(8, NULL, 'maria de los angeles', 'salomon', 'valenzuela', 'VAVAVAV64465564HJ'),
(9, NULL, 'juan daniel c', 'lazalde 2', 'centeno', 'LACCACACACBC4');

-- --------------------------------------------------------

--
-- Estructura de tabla para la tabla `tbl_configuracion`
--

CREATE TABLE `tbl_configuracion` (
  `idu_configuracion` bigint(20) NOT NULL,
  `num_tasafinanciamiento` decimal(18,2) NOT NULL DEFAULT '0.00',
  `num_porcentajeenganche` int(11) DEFAULT NULL,
  `num_plazomaximo` int(11) DEFAULT NULL
) ENGINE=InnoDB DEFAULT CHARSET=utf8;

--
-- Volcado de datos para la tabla `tbl_configuracion`
--

INSERT INTO `tbl_configuracion` (`idu_configuracion`, `num_tasafinanciamiento`, `num_porcentajeenganche`, `num_plazomaximo`) VALUES
(2, '2.80', 20, 12);

-- --------------------------------------------------------

--
-- Estructura de tabla para la tabla `tbl_usuarios_usu`
--

CREATE TABLE `tbl_usuarios_usu` (
  `usu_codigo` varchar(10) NOT NULL,
  `usu_nombre` varchar(50) DEFAULT NULL,
  `usu_clave` varchar(20) DEFAULT NULL,
  `usu_apellido_paterno` varchar(20) DEFAULT NULL,
  `usu_apellido_materno` varchar(20) DEFAULT NULL,
  `usu_nro_documento` varchar(12) DEFAULT NULL,
  `usu_administrador` tinyint(1) DEFAULT '0'
) ENGINE=InnoDB DEFAULT CHARSET=utf8;

--
-- Volcado de datos para la tabla `tbl_usuarios_usu`
--

INSERT INTO `tbl_usuarios_usu` (`usu_codigo`, `usu_nombre`, `usu_clave`, `usu_apellido_paterno`, `usu_apellido_materno`, `usu_nro_documento`, `usu_administrador`) VALUES
('', '', '', '', ' ', '', 1),
('daniel', 'daniel', 'daniel', 'lazalde', NULL, '123', 0),
('o', 'o', 'o', 'o', ' ', '1', 1),
('p', 'p', 'p', 'p', NULL, '1', 0),
('po', 'po', 'po', 'po', NULL, '1', 0),
('popopo', 'po', 'popopo', 'po', ' ', '123', 1),
('prueba', 'prueba', 'prueba', 'Lazald', ' ', '123', 1),
('u', 'u', 'u', 'u', ' ', '1', 0),
('user', 'daniel', 'user', 'lazalde', NULL, '123', 0);

-- --------------------------------------------------------

--
-- Estructura de tabla para la tabla `tmp_abonosmensuales`
--

CREATE TABLE `tmp_abonosmensuales` (
  `idu_venta` bigint(20) NOT NULL,
  `num_plazo` int(11) NOT NULL DEFAULT '0',
  `des_abono` varchar(120) NOT NULL DEFAULT '',
  `num_importeabono` decimal(18,2) NOT NULL DEFAULT '0.00',
  `num_totalapagar` decimal(18,2) NOT NULL DEFAULT '0.00',
  `num_seahorra` decimal(18,2) NOT NULL DEFAULT '0.00',
  `opc_estatus` tinyint(1) NOT NULL DEFAULT '0'
) ENGINE=InnoDB DEFAULT CHARSET=utf8;

--
-- Volcado de datos para la tabla `tmp_abonosmensuales`
--

INSERT INTO `tmp_abonosmensuales` (`idu_venta`, `num_plazo`, `des_abono`, `num_importeabono`, `num_totalapagar`, `num_seahorra`, `opc_estatus`) VALUES
(74, 3, '3 ABONOS DE $264.785', '264.79', '794.35', '184.67', 0),
(74, 6, '6 ABONOS DE $142.652', '142.65', '855.91', '123.11', 0),
(74, 9, '9 ABONOS DE $101.940', '101.94', '917.46', '61.56', 0),
(74, 12, '12 ABONOS DE $81.585', '81.59', '979.02', '0.00', 0),
(76, 3, '3 ABONOS DE $1125.337', '1125.34', '3376.01', '784.83', 0),
(76, 6, '6 ABONOS DE $606.270', '606.27', '3637.62', '523.22', 0),
(76, 9, '9 ABONOS DE $433.248', '433.25', '3899.23', '261.61', 0),
(76, 12, '12 ABONOS DE $346.737', '346.74', '4160.84', '0.00', 0),
(77, 3, '3 ABONOS DE $1133.280', '1133.28', '3399.84', '790.37', 0),
(77, 6, '6 ABONOS DE $610.550', '610.55', '3663.30', '526.91', 0),
(77, 9, '9 ABONOS DE $436.306', '436.31', '3926.75', '263.46', 0),
(77, 12, '12 ABONOS DE $349.184', '349.18', '4190.21', '0.00', 0),
(78, 3, '3 ABONOS DE $264.785', '264.79', '794.35', '184.67', 0),
(78, 6, '6 ABONOS DE $142.652', '142.65', '855.91', '123.11', 0),
(78, 9, '9 ABONOS DE $101.940', '101.94', '917.46', '61.56', 0),
(78, 12, '12 ABONOS DE $81.585', '81.59', '979.02', '0.00', 0),
(79, 3, '3 ABONOS DE $264.785', '264.79', '794.35', '184.67', 0),
(79, 6, '6 ABONOS DE $142.652', '142.65', '855.91', '123.11', 0),
(79, 9, '9 ABONOS DE $101.940', '101.94', '917.46', '61.56', 0),
(79, 12, '12 ABONOS DE $81.585', '81.59', '979.02', '0.00', 0),
(80, 3, '3 ABONOS DE $264.785', '264.79', '794.35', '184.67', 0),
(80, 6, '6 ABONOS DE $142.652', '142.65', '855.91', '123.11', 0),
(80, 9, '9 ABONOS DE $101.940', '101.94', '917.46', '61.56', 0),
(80, 12, '12 ABONOS DE $81.585', '81.59', '979.02', '0.00', 0),
(81, 3, '3 ABONOS DE $264.785', '264.79', '794.35', '184.67', 0),
(81, 6, '6 ABONOS DE $142.652', '142.65', '855.91', '123.11', 0),
(81, 9, '9 ABONOS DE $101.940', '101.94', '917.46', '61.56', 0),
(81, 12, '12 ABONOS DE $81.585', '81.59', '979.02', '0.00', 0),
(85, 3, '3 ABONOS DE $264.785', '264.79', '794.35', '184.67', 0),
(85, 6, '6 ABONOS DE $142.652', '142.65', '855.91', '123.11', 0),
(85, 9, '9 ABONOS DE $101.940', '101.94', '917.46', '61.56', 0),
(85, 12, '12 ABONOS DE $81.585', '81.59', '979.02', '0.00', 0),
(87, 3, '3 ABONOS DE $264.785', '264.79', '794.35', '184.67', 0),
(87, 6, '6 ABONOS DE $142.652', '142.65', '855.91', '123.11', 0),
(87, 9, '9 ABONOS DE $101.940', '101.94', '917.46', '61.56', 0),
(87, 12, '12 ABONOS DE $81.585', '81.59', '979.02', '0.00', 0),
(94, 3, '3 ABONOS DE $264.785', '264.79', '794.35', '184.67', 0),
(94, 6, '6 ABONOS DE $142.652', '142.65', '855.91', '123.11', 0),
(94, 9, '9 ABONOS DE $101.940', '101.94', '917.46', '61.56', 0),
(94, 12, '12 ABONOS DE $81.585', '81.59', '979.02', '0.00', 0),
(96, 3, '3 ABONOS DE $264.785', '264.79', '794.35', '184.67', 0),
(96, 6, '6 ABONOS DE $142.652', '142.65', '855.91', '123.11', 0),
(96, 9, '9 ABONOS DE $101.940', '101.94', '917.46', '61.56', 0),
(96, 12, '12 ABONOS DE $81.585', '81.59', '979.02', '0.00', 0),
(101, 3, '3 ABONOS DE $303.404', '303.40', '910.21', '211.60', 0),
(101, 6, '6 ABONOS DE $163.457', '163.46', '980.74', '141.07', 0),
(101, 9, '9 ABONOS DE $116.809', '116.81', '1051.28', '70.53', 0),
(101, 12, '12 ABONOS DE $93.484', '93.48', '1121.81', '0.00', 0),
(107, 3, '3 ABONOS DE $303.404', '303.40', '910.21', '211.60', 0),
(107, 6, '6 ABONOS DE $163.457', '163.46', '980.74', '141.07', 0),
(107, 9, '9 ABONOS DE $116.809', '116.81', '1051.28', '70.53', 0),
(107, 12, '12 ABONOS DE $93.484', '93.48', '1121.81', '0.00', 0),
(121, 3, '3 ABONOS DE $303.404', '303.40', '910.21', '211.60', 0),
(121, 6, '6 ABONOS DE $163.457', '163.46', '980.74', '141.07', 0),
(121, 9, '9 ABONOS DE $116.809', '116.81', '1051.28', '70.53', 0),
(121, 12, '12 ABONOS DE $93.484', '93.48', '1121.81', '0.00', 0),
(122, 3, '3 ABONOS DE $303.404', '303.40', '910.21', '211.60', 0),
(122, 6, '6 ABONOS DE $163.457', '163.46', '980.74', '141.07', 0),
(122, 9, '9 ABONOS DE $116.809', '116.81', '1051.28', '70.53', 0),
(122, 12, '12 ABONOS DE $93.484', '93.48', '1121.81', '0.00', 0),
(123, 3, '3 ABONOS DE $303.404', '303.40', '910.21', '211.60', 0),
(123, 6, '6 ABONOS DE $163.457', '163.46', '980.74', '141.07', 0),
(123, 9, '9 ABONOS DE $116.809', '116.81', '1051.28', '70.53', 0),
(123, 12, '12 ABONOS DE $93.484', '93.48', '1121.81', '0.00', 0),
(124, 3, '3 ABONOS DE $303.404', '303.40', '910.21', '211.60', 0),
(124, 6, '6 ABONOS DE $163.457', '163.46', '980.74', '141.07', 0),
(124, 9, '9 ABONOS DE $116.809', '116.81', '1051.28', '70.53', 0),
(124, 12, '12 ABONOS DE $93.484', '93.48', '1121.81', '0.00', 0),
(125, 3, '3 ABONOS DE $303.404', '303.40', '910.21', '211.60', 0),
(125, 6, '6 ABONOS DE $163.457', '163.46', '980.74', '141.07', 0),
(125, 9, '9 ABONOS DE $116.809', '116.81', '1051.28', '70.53', 0),
(125, 12, '12 ABONOS DE $93.484', '93.48', '1121.81', '0.00', 0),
(126, 3, '3 ABONOS DE $0.000', '0.00', '0.00', '0.00', 0),
(126, 6, '6 ABONOS DE $0.000', '0.00', '0.00', '0.00', 0),
(126, 9, '9 ABONOS DE $0.000', '0.00', '0.00', '0.00', 0),
(126, 12, '12 ABONOS DE $0.000', '0.00', '0.00', '0.00', 0),
(127, 3, '3 ABONOS DE $303.404', '303.40', '910.21', '211.60', 0),
(127, 6, '6 ABONOS DE $163.457', '163.46', '980.74', '141.07', 0),
(127, 9, '9 ABONOS DE $116.809', '116.81', '1051.28', '70.53', 0),
(127, 12, '12 ABONOS DE $93.484', '93.48', '1121.81', '0.00', 0),
(129, 3, '3 ABONOS DE $303.404', '303.40', '910.21', '211.60', 0),
(129, 6, '6 ABONOS DE $163.457', '163.46', '980.74', '141.07', 0),
(129, 9, '9 ABONOS DE $116.809', '116.81', '1051.28', '70.53', 0),
(129, 12, '12 ABONOS DE $93.484', '93.48', '1121.81', '0.00', 0),
(130, 3, '3 ABONOS DE $303.404', '303.40', '910.21', '211.60', 0),
(130, 6, '6 ABONOS DE $163.457', '163.46', '980.74', '141.07', 0),
(130, 9, '9 ABONOS DE $116.809', '116.81', '1051.28', '70.53', 0),
(130, 12, '12 ABONOS DE $93.484', '93.48', '1121.81', '0.00', 0),
(134, 3, '3 ABONOS DE $303.404', '303.40', '910.21', '211.60', 0),
(134, 6, '6 ABONOS DE $163.457', '163.46', '980.74', '141.07', 0),
(134, 9, '9 ABONOS DE $116.809', '116.81', '1051.28', '70.53', 0),
(134, 12, '12 ABONOS DE $93.484', '93.48', '1121.81', '0.00', 0),
(138, 3, '3 ABONOS DE $303.404', '303.40', '910.21', '211.60', 0),
(138, 6, '6 ABONOS DE $163.457', '163.46', '980.74', '141.07', 0),
(138, 9, '9 ABONOS DE $116.809', '116.81', '1051.28', '70.53', 0),
(138, 12, '12 ABONOS DE $93.484', '93.48', '1121.81', '0.00', 0),
(139, 3, '3 ABONOS DE $303.404', '303.40', '910.21', '211.60', 0),
(139, 6, '6 ABONOS DE $163.457', '163.46', '980.74', '141.07', 0),
(139, 9, '9 ABONOS DE $116.809', '116.81', '1051.28', '70.53', 0),
(139, 12, '12 ABONOS DE $93.484', '93.48', '1121.81', '0.00', 0),
(145, 3, '3 ABONOS DE $303.404', '303.40', '910.21', '211.60', 0),
(145, 6, '6 ABONOS DE $163.457', '163.46', '980.74', '141.07', 0),
(145, 9, '9 ABONOS DE $116.809', '116.81', '1051.28', '70.53', 0),
(145, 12, '12 ABONOS DE $93.484', '93.48', '1121.81', '0.00', 0),
(146, 3, '3 ABONOS DE $303.404', '303.40', '910.21', '211.60', 0),
(146, 6, '6 ABONOS DE $163.457', '163.46', '980.74', '141.07', 0),
(146, 9, '9 ABONOS DE $116.809', '116.81', '1051.28', '70.53', 0),
(146, 12, '12 ABONOS DE $93.484', '93.48', '1121.81', '0.00', 0),
(147, 3, '3 ABONOS DE $303.404', '303.40', '910.21', '211.60', 0),
(147, 6, '6 ABONOS DE $163.457', '163.46', '980.74', '141.07', 0),
(147, 9, '9 ABONOS DE $116.809', '116.81', '1051.28', '70.53', 0),
(147, 12, '12 ABONOS DE $93.484', '93.48', '1121.81', '0.00', 0),
(149, 3, '3 ABONOS DE $303.404', '303.40', '910.21', '211.60', 0),
(149, 6, '6 ABONOS DE $163.457', '163.46', '980.74', '141.07', 0),
(149, 9, '9 ABONOS DE $116.809', '116.81', '1051.28', '70.53', 0),
(149, 12, '12 ABONOS DE $93.484', '93.48', '1121.81', '0.00', 0),
(151, 3, '3 ABONOS DE $3.719', '3.72', '11.16', '2.59', 0),
(151, 6, '6 ABONOS DE $2.004', '2.00', '12.02', '1.73', 1),
(151, 9, '9 ABONOS DE $1.432', '1.43', '12.89', '0.86', 0),
(151, 12, '12 ABONOS DE $1.146', '1.15', '13.75', '0.00', 0),
(154, 3, '3 ABONOS DE $3.034', '3.03', '9.10', '2.12', 0),
(154, 6, '6 ABONOS DE $1.635', '1.64', '9.81', '1.41', 0),
(154, 9, '9 ABONOS DE $1.168', '1.17', '10.51', '0.71', 0),
(154, 12, '12 ABONOS DE $0.935', '0.94', '11.22', '0.00', 0),
(166, 3, '3 ABONOS DE $610.529', '610.53', '1831.59', '425.79', 0),
(166, 6, '6 ABONOS DE $328.920', '328.92', '1973.52', '283.86', 0),
(166, 9, '9 ABONOS DE $235.050', '235.05', '2115.45', '141.93', 0),
(166, 12, '12 ABONOS DE $188.115', '188.12', '2257.38', '0.00', 0),
(167, 3, '3 ABONOS DE $97.695', '97.70', '293.09', '68.14', 0),
(167, 6, '6 ABONOS DE $52.633', '52.63', '315.80', '45.42', 0),
(167, 9, '9 ABONOS DE $37.612', '37.61', '338.51', '22.71', 0),
(167, 12, '12 ABONOS DE $30.102', '30.10', '361.22', '0.00', 0),
(168, 3, '3 ABONOS DE $97.695', '97.70', '293.09', '68.14', 0),
(168, 6, '6 ABONOS DE $52.633', '52.63', '315.80', '45.42', 0),
(168, 9, '9 ABONOS DE $37.612', '37.61', '338.51', '22.71', 0),
(168, 12, '12 ABONOS DE $30.102', '30.10', '361.22', '0.00', 0),
(171, 3, '3 ABONOS DE $97.695', '97.70', '293.09', '68.14', 0),
(171, 6, '6 ABONOS DE $52.633', '52.63', '315.80', '45.42', 0),
(171, 9, '9 ABONOS DE $37.612', '37.61', '338.51', '22.71', 0),
(171, 12, '12 ABONOS DE $30.102', '30.10', '361.22', '0.00', 0),
(173, 3, '3 ABONOS DE $303.404', '303.40', '910.21', '211.60', 0),
(173, 6, '6 ABONOS DE $163.457', '163.46', '980.74', '141.07', 1),
(173, 9, '9 ABONOS DE $116.809', '116.81', '1051.28', '70.53', 0),
(173, 12, '12 ABONOS DE $93.484', '93.48', '1121.81', '0.00', 0),
(175, 3, '3 ABONOS DE $303.404', '303.40', '910.21', '211.60', 0),
(175, 6, '6 ABONOS DE $163.457', '163.46', '980.74', '141.07', 0),
(175, 9, '9 ABONOS DE $116.809', '116.81', '1051.28', '70.53', 0),
(175, 12, '12 ABONOS DE $93.484', '93.48', '1121.81', '0.00', 0),
(176, 3, '3 ABONOS DE $97.695', '97.70', '293.09', '68.14', 0),
(176, 6, '6 ABONOS DE $52.633', '52.63', '315.80', '45.42', 0),
(176, 9, '9 ABONOS DE $37.612', '37.61', '338.51', '22.71', 0),
(176, 12, '12 ABONOS DE $30.102', '30.10', '361.22', '0.00', 0),
(180, 3, '3 ABONOS DE $7.440', '7.44', '22.32', '5.19', 0),
(180, 6, '6 ABONOS DE $4.008', '4.01', '24.05', '3.46', 1),
(180, 9, '9 ABONOS DE $2.864', '2.86', '25.78', '1.73', 0),
(180, 12, '12 ABONOS DE $2.293', '2.29', '27.51', '0.00', 0),
(237, 3, '3 ABONOS DE $88.508', '88.51', '265.52', '61.73', 0),
(237, 6, '6 ABONOS DE $47.683', '47.68', '286.10', '41.15', 0),
(237, 9, '9 ABONOS DE $34.075', '34.08', '306.68', '20.58', 0),
(237, 12, '12 ABONOS DE $27.271', '27.27', '327.25', '0.00', 0),
(243, 3, '3 ABONOS DE $0.000', '0.00', '0.00', '0.00', 0),
(243, 6, '6 ABONOS DE $0.000', '0.00', '0.00', '0.00', 0),
(243, 9, '9 ABONOS DE $0.000', '0.00', '0.00', '0.00', 0),
(243, 12, '12 ABONOS DE $0.000', '0.00', '0.00', '0.00', 0),
(248, 3, '3 ABONOS DE $6.494', '6.49', '19.48', '4.53', 0),
(248, 6, '6 ABONOS DE $3.499', '3.50', '20.99', '3.02', 0),
(248, 9, '9 ABONOS DE $2.500', '2.50', '22.50', '1.51', 0),
(248, 12, '12 ABONOS DE $2.001', '2.00', '24.01', '0.00', 0),
(257, 3, '3 ABONOS DE $3.245', '3.25', '9.74', '2.26', 0),
(257, 6, '6 ABONOS DE $1.749', '1.75', '10.49', '1.51', 1),
(257, 9, '9 ABONOS DE $1.249', '1.25', '11.25', '0.76', 0),
(257, 12, '12 ABONOS DE $1.000', '1.00', '12.00', '0.00', 0),
(259, 3, '3 ABONOS DE $6.494', '6.49', '19.48', '4.53', 0),
(259, 6, '6 ABONOS DE $3.499', '3.50', '20.99', '3.02', 0),
(259, 9, '9 ABONOS DE $2.500', '2.50', '22.50', '1.51', 0),
(259, 12, '12 ABONOS DE $2.001', '2.00', '24.01', '0.00', 0),
(261, 3, '3 ABONOS DE $88.508', '88.51', '265.52', '61.73', 0),
(261, 6, '6 ABONOS DE $47.683', '47.68', '286.10', '41.15', 1),
(261, 9, '9 ABONOS DE $34.075', '34.08', '306.68', '20.58', 0),
(261, 12, '12 ABONOS DE $27.271', '27.27', '327.25', '0.00', 0),
(262, 3, '3 ABONOS DE $1125.337', '1125.34', '3376.01', '784.83', 0),
(262, 6, '6 ABONOS DE $606.270', '606.27', '3637.62', '523.22', 0),
(262, 9, '9 ABONOS DE $433.248', '433.25', '3899.23', '261.61', 0),
(262, 12, '12 ABONOS DE $346.737', '346.74', '4160.84', '0.00', 0),
(268, 3, '3 ABONOS DE $1125.337', '1125.34', '3376.01', '784.83', 0),
(268, 6, '6 ABONOS DE $606.270', '606.27', '3637.62', '523.22', 0),
(268, 9, '9 ABONOS DE $433.248', '433.25', '3899.23', '261.61', 0),
(268, 12, '12 ABONOS DE $346.737', '346.74', '4160.84', '0.00', 1),
(282, 3, '3 ABONOS DE $2250.674', '2250.67', '6752.02', '1569.66', 0),
(282, 6, '6 ABONOS DE $1212.540', '1212.54', '7275.24', '1046.44', 1),
(282, 9, '9 ABONOS DE $866.496', '866.50', '7798.46', '523.22', 0),
(282, 12, '12 ABONOS DE $693.473', '693.47', '8321.68', '0.00', 0),
(283, 3, '3 ABONOS DE $2647.851', '2647.85', '7943.55', '1846.66', 0),
(283, 6, '6 ABONOS DE $1426.518', '1426.52', '8559.11', '1231.11', 0),
(283, 9, '9 ABONOS DE $1019.406', '1019.41', '9174.66', '615.55', 0),
(283, 12, '12 ABONOS DE $815.851', '815.85', '9790.21', '0.00', 1),
(285, 3, '3 ABONOS DE $3.245', '3.25', '9.74', '2.26', 0),
(285, 6, '6 ABONOS DE $1.749', '1.75', '10.49', '1.51', 0),
(285, 9, '9 ABONOS DE $1.249', '1.25', '11.25', '0.76', 0),
(285, 12, '12 ABONOS DE $1.000', '1.00', '12.00', '0.00', 0),
(288, 3, '3 ABONOS DE $3177.421', '3177.42', '9532.26', '2215.99', 0),
(288, 6, '6 ABONOS DE $1711.821', '1711.82', '10270.93', '1477.33', 0),
(288, 9, '9 ABONOS DE $1223.287', '1223.29', '11009.59', '738.66', 0),
(288, 12, '12 ABONOS DE $979.021', '979.02', '11748.25', '0.00', 0),
(289, 3, '3 ABONOS DE $3177.421', '3177.42', '9532.26', '2215.99', 1),
(289, 6, '6 ABONOS DE $1711.821', '1711.82', '10270.93', '1477.33', 0),
(289, 9, '9 ABONOS DE $1223.287', '1223.29', '11009.59', '738.66', 0),
(289, 12, '12 ABONOS DE $979.021', '979.02', '11748.25', '0.00', 0),
(290, 3, '3 ABONOS DE $19819.241', '19819.24', '59457.72', '13822.28', 0),
(290, 6, '6 ABONOS DE $10677.525', '10677.53', '64065.15', '9214.85', 0),
(290, 9, '9 ABONOS DE $7630.286', '7630.29', '68672.57', '4607.43', 1),
(290, 12, '12 ABONOS DE $6106.667', '6106.67', '73280.00', '0.00', 0),
(299, 3, '3 ABONOS DE $3177.421', '3177.42', '9532.26', '2215.99', 0),
(299, 6, '6 ABONOS DE $1711.821', '1711.82', '10270.93', '1477.33', 0),
(299, 9, '9 ABONOS DE $1223.287', '1223.29', '11009.59', '738.66', 0),
(299, 12, '12 ABONOS DE $979.021', '979.02', '11748.25', '0.00', 0),
(302, 3, '3 ABONOS DE $15757.958', '15757.96', '47273.87', '10989.87', 0),
(302, 6, '6 ABONOS DE $8489.527', '8489.53', '50937.16', '7326.58', 0),
(302, 9, '9 ABONOS DE $6066.717', '6066.72', '54600.45', '3663.29', 1),
(302, 12, '12 ABONOS DE $4855.312', '4855.31', '58263.74', '0.00', 0);

--
-- Índices para tablas volcadas
--

--
-- Indices de la tabla `ctl_detalleventas`
--
ALTER TABLE `ctl_detalleventas`
  ADD PRIMARY KEY (`idu_detalle`),
  ADD KEY `idu_venta` (`idu_venta`),
  ADD KEY `idu_articulo` (`idu_articulo`);

--
-- Indices de la tabla `ctl_ventas`
--
ALTER TABLE `ctl_ventas`
  ADD PRIMARY KEY (`idu_venta`),
  ADD KEY `idu_cliente` (`idu_cliente`);

--
-- Indices de la tabla `tbl_articulos`
--
ALTER TABLE `tbl_articulos`
  ADD PRIMARY KEY (`idu_articulo`);

--
-- Indices de la tabla `tbl_clientes`
--
ALTER TABLE `tbl_clientes`
  ADD PRIMARY KEY (`idu_cliente`);

--
-- Indices de la tabla `tbl_configuracion`
--
ALTER TABLE `tbl_configuracion`
  ADD PRIMARY KEY (`idu_configuracion`);

--
-- Indices de la tabla `tbl_usuarios_usu`
--
ALTER TABLE `tbl_usuarios_usu`
  ADD PRIMARY KEY (`usu_codigo`);

--
-- AUTO_INCREMENT de las tablas volcadas
--

--
-- AUTO_INCREMENT de la tabla `ctl_detalleventas`
--
ALTER TABLE `ctl_detalleventas`
  MODIFY `idu_detalle` bigint(20) NOT NULL AUTO_INCREMENT, AUTO_INCREMENT=209;
--
-- AUTO_INCREMENT de la tabla `ctl_ventas`
--
ALTER TABLE `ctl_ventas`
  MODIFY `idu_venta` bigint(20) NOT NULL AUTO_INCREMENT, AUTO_INCREMENT=311;
--
-- AUTO_INCREMENT de la tabla `tbl_articulos`
--
ALTER TABLE `tbl_articulos`
  MODIFY `idu_articulo` bigint(20) NOT NULL AUTO_INCREMENT, AUTO_INCREMENT=200;
--
-- AUTO_INCREMENT de la tabla `tbl_clientes`
--
ALTER TABLE `tbl_clientes`
  MODIFY `idu_cliente` bigint(20) NOT NULL AUTO_INCREMENT, AUTO_INCREMENT=11;
--
-- AUTO_INCREMENT de la tabla `tbl_configuracion`
--
ALTER TABLE `tbl_configuracion`
  MODIFY `idu_configuracion` bigint(20) NOT NULL AUTO_INCREMENT, AUTO_INCREMENT=3;
--
-- Restricciones para tablas volcadas
--

--
-- Filtros para la tabla `ctl_detalleventas`
--
ALTER TABLE `ctl_detalleventas`
  ADD CONSTRAINT `idu_articulo` FOREIGN KEY (`idu_articulo`) REFERENCES `tbl_articulos` (`idu_articulo`),
  ADD CONSTRAINT `idu_venta` FOREIGN KEY (`idu_venta`) REFERENCES `ctl_ventas` (`idu_venta`);

--
-- Filtros para la tabla `ctl_ventas`
--
ALTER TABLE `ctl_ventas`
  ADD CONSTRAINT `idu_cliente` FOREIGN KEY (`idu_cliente`) REFERENCES `tbl_clientes` (`idu_cliente`);

/*!40101 SET CHARACTER_SET_CLIENT=@OLD_CHARACTER_SET_CLIENT */;
/*!40101 SET CHARACTER_SET_RESULTS=@OLD_CHARACTER_SET_RESULTS */;
/*!40101 SET COLLATION_CONNECTION=@OLD_COLLATION_CONNECTION */;
